date,symbol,close
2023-01-02,SPY,99.39
2023-01-03,SPY,99.25
2023-01-04,SPY,100.95
2023-01-05,SPY,101.65
2023-01-06,SPY,100.03
2023-01-09,SPY,100.06
2023-01-10,SPY,99.47
2023-01-11,SPY,99.66
2023-01-12,SPY,98.1
2023-01-13,SPY,98.37
2023-01-16,SPY,98.64
2023-01-17,SPY,100.24
2023-01-18,SPY,100.59
2023-01-19,SPY,101.14
2023-01-20,SPY,99.68
2023-01-23,SPY,101.99
2023-01-24,SPY,100.09
2023-01-25,SPY,101.23
2023-01-26,SPY,100.93
2023-01-27,SPY,100.08
2023-01-30,SPY,99.46
2023-01-31,SPY,98.83
2023-02-01,SPY,99.24
2023-02-02,SPY,99.17
2023-02-03,SPY,100.68
2023-02-06,SPY,98.89
2023-02-07,SPY,98.92
2023-02-08,SPY,98.08
2023-02-09,SPY,98.88
2023-02-10,SPY,96.84
2023-02-13,SPY,96.54
2023-02-14,SPY,96.78
2023-02-15,SPY,95.39
2023-02-16,SPY,96.36
2023-02-17,SPY,96.57
2023-02-20,SPY,97.58
2023-02-21,SPY,98.56
2023-02-22,SPY,97.63
2023-02-23,SPY,96.89
2023-02-24,SPY,96.73
2023-02-27,SPY,97.49
2023-02-28,SPY,98.35
2023-03-01,SPY,97.69
2023-03-02,SPY,97.13
2023-03-03,SPY,96.4
2023-03-06,SPY,95.87
2023-03-07,SPY,95.67
2023-03-08,SPY,95.58
2023-03-09,SPY,97.6
2023-03-10,SPY,97.14
2023-03-13,SPY,96.9
2023-03-14,SPY,97.38
2023-03-15,SPY,96.49
2023-03-16,SPY,96.17
2023-03-17,SPY,96.21
2023-03-20,SPY,96.99
2023-03-21,SPY,95.76
2023-03-22,SPY,97.12
2023-03-23,SPY,96.81
2023-03-24,SPY,97.01
2023-03-27,SPY,97.87
2023-03-28,SPY,98.55
2023-03-29,SPY,99.63
2023-03-30,SPY,99.84
2023-03-31,SPY,99.86
2023-04-03,SPY,100.21
2023-04-04,SPY,99.25
2023-04-05,SPY,100.5
2023-04-06,SPY,99.76
2023-04-07,SPY,98.54
2023-04-10,SPY,100.62
2023-04-11,SPY,100.52
2023-04-12,SPY,99.38
2023-04-13,SPY,101.27
2023-04-14,SPY,100.97
2023-04-17,SPY,102.09
2023-04-18,SPY,101.28
2023-04-19,SPY,101.06
2023-04-20,SPY,99.41
2023-04-21,SPY,97.56
2023-04-24,SPY,96.65
2023-04-25,SPY,96.6
2023-04-26,SPY,97.41
2023-04-27,SPY,99.84
2023-04-28,SPY,98.85
2023-05-01,SPY,99.89
2023-05-02,SPY,99.32
2023-05-03,SPY,99.2
2023-05-04,SPY,97.78
2023-05-05,SPY,96.38
2023-05-08,SPY,95.66
2023-05-09,SPY,94.56
2023-05-10,SPY,94.59
2023-05-11,SPY,93.96
2023-05-12,SPY,95.18
2023-05-15,SPY,95.36
2023-05-16,SPY,95.55
2023-05-17,SPY,96.68
2023-05-18,SPY,97.21
2023-05-19,SPY,97.21
2023-05-22,SPY,97.16
2023-05-23,SPY,97.07
2023-05-24,SPY,98.16
2023-05-25,SPY,98.96
2023-05-26,SPY,99.36
2023-05-29,SPY,100.19
2023-05-30,SPY,99.68
2023-05-31,SPY,100.23
2023-06-01,SPY,98.86
2023-06-02,SPY,100.23
2023-06-05,SPY,100.36
2023-06-06,SPY,100.58
2023-06-07,SPY,101.22
2023-06-08,SPY,101.24
2023-06-09,SPY,101.02
2023-06-12,SPY,102.27
2023-06-13,SPY,102.42
2023-06-14,SPY,101.52
2023-06-15,SPY,102.01
2023-06-16,SPY,100.32
2023-06-19,SPY,102.03
2023-06-20,SPY,101.89
2023-06-21,SPY,101.97
2023-06-22,SPY,104.34
2023-06-23,SPY,106.64
2023-06-26,SPY,106.8
2023-06-27,SPY,107.51
2023-06-28,SPY,108.73
2023-06-29,SPY,110.61
2023-06-30,SPY,110.5
2023-07-03,SPY,110.69
2023-07-04,SPY,112.1
2023-07-05,SPY,112.44
2023-07-06,SPY,113.33
2023-07-07,SPY,114.06
2023-07-10,SPY,112.81
2023-07-11,SPY,111.89
2023-07-12,SPY,109.01
2023-07-13,SPY,108.77
2023-07-14,SPY,110.27
2023-07-17,SPY,109.09
2023-07-18,SPY,110.48
2023-07-19,SPY,111.63
2023-07-20,SPY,111.61
2023-07-21,SPY,111.64
2023-07-24,SPY,111.77
2023-07-25,SPY,110.85
2023-07-26,SPY,110.58
2023-07-27,SPY,110.57
2023-07-28,SPY,111.29
2023-07-31,SPY,112.21
2023-08-01,SPY,111.42
2023-08-02,SPY,112.38
2023-08-03,SPY,111.55
2023-08-04,SPY,111.4
2023-08-07,SPY,111.85
2023-08-08,SPY,111.87
2023-08-09,SPY,111.76
2023-08-10,SPY,112.1
2023-08-11,SPY,111.52
2023-08-14,SPY,110.84
2023-08-15,SPY,110.65
2023-08-16,SPY,111.76
2023-08-17,SPY,111.68
2023-08-18,SPY,113.87
2023-08-21,SPY,114.15
2023-08-22,SPY,110.85
2023-08-23,SPY,110.4
2023-08-24,SPY,112.29
2023-08-25,SPY,112.34
2023-08-28,SPY,111.89
2023-08-29,SPY,110.95
2023-08-30,SPY,112.47
2023-08-31,SPY,113.65
2023-09-01,SPY,114.45
2023-09-04,SPY,114.98
2023-09-05,SPY,116.69
2023-09-06,SPY,117.7
2023-09-07,SPY,116.3
2023-09-08,SPY,117.24
2023-09-11,SPY,117.48
2023-09-12,SPY,117.39
2023-09-13,SPY,118.33
2023-09-14,SPY,118.4
2023-09-15,SPY,115.02
2023-09-18,SPY,116.87
2023-09-19,SPY,118.13
2023-09-20,SPY,118.02
2023-09-21,SPY,117.63
2023-09-22,SPY,117.94
2023-09-25,SPY,116.47
2023-09-26,SPY,116.87
2023-09-27,SPY,116.64
2023-09-28,SPY,116.27
2023-09-29,SPY,115.24
2023-10-02,SPY,114.5
2023-10-03,SPY,115.82
2023-10-04,SPY,117.42
2023-10-05,SPY,118.05
2023-10-06,SPY,118.04
2023-10-09,SPY,117.05
2023-10-10,SPY,117.93
2023-10-11,SPY,119.89
2023-10-12,SPY,118.01
2023-10-13,SPY,119.44
2023-10-16,SPY,116.93
2023-10-17,SPY,116.57
2023-10-18,SPY,117.06
2023-10-19,SPY,115.51
2023-10-20,SPY,113.81
2023-10-23,SPY,114.07
2023-10-24,SPY,115.11
2023-10-25,SPY,114.6
2023-10-26,SPY,116.2
2023-10-27,SPY,115.33
2023-10-30,SPY,117.42
2023-10-31,SPY,117.6
2023-11-01,SPY,117.92
2023-11-02,SPY,118.69
2023-11-03,SPY,119.11
2023-11-06,SPY,121.37
2023-11-07,SPY,124.12
2023-11-08,SPY,124.84
2023-11-09,SPY,124.68
2023-11-10,SPY,123.27
2023-11-13,SPY,122.38
2023-11-14,SPY,122.44
2023-11-15,SPY,122.36
2023-11-16,SPY,122.35
2023-11-17,SPY,122.39
2023-11-20,SPY,123.05
2023-11-21,SPY,121.44
2023-11-22,SPY,120.24
2023-11-23,SPY,121.64
2023-11-24,SPY,122.71
2023-11-27,SPY,122.09
2023-11-28,SPY,123.73
2023-11-29,SPY,122.94
2023-11-30,SPY,122.67
2023-12-01,SPY,120.49
2023-12-04,SPY,121.56
2023-12-05,SPY,121.59
2023-12-06,SPY,122.95
2023-12-07,SPY,123.86
2023-12-08,SPY,124.03
2023-12-11,SPY,124.28
2023-12-12,SPY,125.83
2023-12-13,SPY,125.68
2023-12-14,SPY,125.54
2023-12-15,SPY,125.69
2023-12-18,SPY,126.76
2023-12-19,SPY,128.0
2023-12-20,SPY,130.55
2023-12-21,SPY,130.52
2023-12-22,SPY,132.26
2023-12-25,SPY,131.48
2023-12-26,SPY,132.36
2023-12-27,SPY,132.62
2023-12-28,SPY,135.04
2023-12-29,SPY,135.96
2024-01-01,SPY,135.46
2024-01-02,SPY,136.35
2024-01-03,SPY,136.93
2024-01-04,SPY,136.6
2024-01-05,SPY,136.31
2024-01-08,SPY,135.14
2024-01-09,SPY,139.03
2024-01-10,SPY,139.34
2024-01-11,SPY,140.82
2024-01-12,SPY,139.3
2024-01-15,SPY,137.91
2024-01-16,SPY,137.82
2024-01-17,SPY,137.73
2024-01-18,SPY,138.96
2024-01-19,SPY,137.69
2024-01-22,SPY,138.55
2024-01-23,SPY,140.79
2024-01-24,SPY,139.62
2024-01-25,SPY,141.02
2024-01-26,SPY,139.79
2024-01-29,SPY,140.4
2024-01-30,SPY,141.03
2024-01-31,SPY,143.63
2024-02-01,SPY,142.76
2024-02-02,SPY,143.12
2024-02-05,SPY,144.75
2024-02-06,SPY,143.18
2024-02-07,SPY,143.29
2024-02-08,SPY,142.18
2024-02-09,SPY,141.3
2024-02-12,SPY,142.39
2024-02-13,SPY,143.51
2024-02-14,SPY,147.39
2024-02-15,SPY,149.56
2024-02-16,SPY,151.63
2024-02-19,SPY,151.5
2024-02-20,SPY,151.18
2024-02-21,SPY,151.51
2024-02-22,SPY,148.23
2024-02-23,SPY,150.83
2024-02-26,SPY,149.94
2024-02-27,SPY,148.48
2024-02-28,SPY,147.92
2024-02-29,SPY,149.33
2024-03-01,SPY,151.31
2024-03-04,SPY,150.85
2024-03-05,SPY,151.62
2024-03-06,SPY,151.64
2024-03-07,SPY,150.24
2024-03-08,SPY,150.6
2024-03-11,SPY,150.74
2024-03-12,SPY,148.54
2024-03-13,SPY,150.28
2024-03-14,SPY,148.03
2024-03-15,SPY,148.47
2024-03-18,SPY,147.01
2024-03-19,SPY,145.91
2024-03-20,SPY,144.97
2024-03-21,SPY,146.08
2024-03-22,SPY,144.35
2024-03-25,SPY,144.16
2024-03-26,SPY,146.5
2024-03-27,SPY,145.56
2024-03-28,SPY,145.6
2024-03-29,SPY,146.65
2024-04-01,SPY,145.87
2024-04-02,SPY,146.65
2024-04-03,SPY,145.76
2024-04-04,SPY,146.86
2024-04-05,SPY,147.03
2024-04-08,SPY,145.73
2024-04-09,SPY,147.88
2024-04-10,SPY,147.81
2024-04-11,SPY,147.47
2024-04-12,SPY,146.19
2024-04-15,SPY,145.58
2024-04-16,SPY,145.51
2024-04-17,SPY,145.84
2024-04-18,SPY,147.52
2024-04-19,SPY,145.66
2024-04-22,SPY,145.23
2024-04-23,SPY,147.05
2024-04-24,SPY,147.39
2024-04-25,SPY,148.06
2024-04-26,SPY,150.51
2024-04-29,SPY,151.09
2024-04-30,SPY,151.87
2024-05-01,SPY,151.88
2024-05-02,SPY,154.67
2024-05-03,SPY,156.37
2024-05-06,SPY,155.32
2024-05-07,SPY,156.25
2024-05-08,SPY,154.54
2024-05-09,SPY,156.3
2024-05-10,SPY,157.43
2024-05-13,SPY,157.24
2024-05-14,SPY,156.68
2024-05-15,SPY,153.96
2024-05-16,SPY,155.21
2024-05-17,SPY,155.09
2024-05-20,SPY,154.67
2024-05-21,SPY,155.86
2024-05-22,SPY,154.89
2024-05-23,SPY,154.04
2024-05-24,SPY,153.03
2024-05-27,SPY,151.03
2024-05-28,SPY,154.77
2024-05-29,SPY,154.52
2024-05-30,SPY,154.04
2024-05-31,SPY,155.48
2024-06-03,SPY,150.71
2024-06-04,SPY,150.72
2024-06-05,SPY,150.78
2024-06-06,SPY,149.37
2024-06-07,SPY,150.1
2024-06-10,SPY,147.13
2024-06-11,SPY,147.17
2024-06-12,SPY,148.49
2024-06-13,SPY,145.23
2024-06-14,SPY,143.13
2024-06-17,SPY,142.88
2024-06-18,SPY,142.8
2024-06-19,SPY,141.82
2024-06-20,SPY,142.24
2024-06-21,SPY,142.49
2024-06-24,SPY,140.47
2024-06-25,SPY,140.2
2024-06-26,SPY,138.29
2024-06-27,SPY,135.31
2024-06-28,SPY,131.93
2024-07-01,SPY,133.13
2024-07-02,SPY,132.8
2024-07-03,SPY,135.25
2024-07-04,SPY,133.11
2024-07-05,SPY,132.46
2024-07-08,SPY,132.72
2024-07-09,SPY,132.35
2024-07-10,SPY,132.83
2024-07-11,SPY,132.85
2024-07-12,SPY,131.86
2024-07-15,SPY,128.65
2024-07-16,SPY,127.27
2024-07-17,SPY,129.31
2024-07-18,SPY,130.15
2024-07-19,SPY,131.8
2024-07-22,SPY,130.87
2024-07-23,SPY,130.48
2024-07-24,SPY,129.2
2024-07-25,SPY,129.57
2024-07-26,SPY,129.52
2024-07-29,SPY,129.98
2024-07-30,SPY,132.17
2024-07-31,SPY,130.95
2024-08-01,SPY,131.79
2024-08-02,SPY,129.84
2024-08-05,SPY,131.17
2024-08-06,SPY,130.47
2024-08-07,SPY,130.26
2024-08-08,SPY,130.33
2024-08-09,SPY,132.38
2024-08-12,SPY,132.22
2024-08-13,SPY,131.45
2024-08-14,SPY,129.79
2024-08-15,SPY,130.04
2024-08-16,SPY,128.82
2024-08-19,SPY,128.06
2024-08-20,SPY,127.92
2024-08-21,SPY,128.67
2024-08-22,SPY,127.64
2024-08-23,SPY,128.39
2024-08-26,SPY,130.57
2024-08-27,SPY,128.53
2024-08-28,SPY,130.18
2024-08-29,SPY,132.9
2024-08-30,SPY,132.0
2024-09-02,SPY,132.7
2024-09-03,SPY,130.78
2024-09-04,SPY,131.11
2024-09-05,SPY,130.57
2024-09-06,SPY,130.86
2024-09-09,SPY,129.55
2024-09-10,SPY,128.38
2024-09-11,SPY,127.69
2024-09-12,SPY,126.67
2024-09-13,SPY,125.77
2024-09-16,SPY,125.39
2024-09-17,SPY,123.89
2024-09-18,SPY,123.58
2024-09-19,SPY,124.04
2024-09-20,SPY,121.08
2024-09-23,SPY,121.19
2024-09-24,SPY,120.15
2024-09-25,SPY,118.68
2024-09-26,SPY,116.95
2024-09-27,SPY,115.82
2024-09-30,SPY,114.82
2024-10-01,SPY,115.07
2024-10-02,SPY,113.48
2024-10-03,SPY,114.52
2024-10-04,SPY,113.44
2024-10-07,SPY,114.07
2024-10-08,SPY,115.18
2024-10-09,SPY,113.64
2024-10-10,SPY,114.73
2024-10-11,SPY,117.14
2024-10-14,SPY,116.51
2024-10-15,SPY,117.1
2024-10-16,SPY,116.86
2024-10-17,SPY,116.89
2024-10-18,SPY,116.61
2024-10-21,SPY,115.97
2024-10-22,SPY,116.78
2024-10-23,SPY,117.78
2024-10-24,SPY,117.76
2024-10-25,SPY,119.54
2024-10-28,SPY,120.83
2024-10-29,SPY,121.68
2024-10-30,SPY,120.81
2024-10-31,SPY,123.14
2024-11-01,SPY,124.78
2024-11-04,SPY,122.14
2024-11-05,SPY,120.81
2024-11-06,SPY,120.25
2024-11-07,SPY,121.41
2024-11-08,SPY,122.95
2024-11-11,SPY,122.62
2024-11-12,SPY,122.95
2024-11-13,SPY,123.84
2024-11-14,SPY,122.31
2024-11-15,SPY,123.07
2024-11-18,SPY,122.72
2024-11-19,SPY,122.99
2024-11-20,SPY,122.97
2024-11-21,SPY,121.56
2024-11-22,SPY,120.4
2024-11-25,SPY,120.49
2024-11-26,SPY,120.69
2024-11-27,SPY,120.41
2024-11-28,SPY,121.74
2024-11-29,SPY,121.35
2024-12-02,SPY,119.92
2024-12-03,SPY,119.55
2024-12-04,SPY,119.38
2024-12-05,SPY,119.27
2024-12-06,SPY,120.7
2024-12-09,SPY,121.36
2024-12-10,SPY,122.69
2024-12-11,SPY,123.51
2024-12-12,SPY,123.35
2024-12-13,SPY,124.68
2024-12-16,SPY,124.4
2024-12-17,SPY,124.76
2024-12-18,SPY,123.56
2024-12-19,SPY,123.73
2024-12-20,SPY,123.38
2024-12-23,SPY,123.89
2024-12-24,SPY,126.21
2024-12-25,SPY,129.29
2024-12-26,SPY,130.67
2024-12-27,SPY,130.69
2024-12-30,SPY,131.83
2024-12-31,SPY,132.19
2025-01-01,SPY,131.44
2025-01-02,SPY,131.42
2025-01-03,SPY,131.15
2025-01-06,SPY,130.41
2025-01-07,SPY,132.29
2025-01-08,SPY,131.63
2025-01-09,SPY,131.04
2025-01-10,SPY,132.02
2025-01-13,SPY,131.16
2025-01-14,SPY,129.72
2025-01-15,SPY,128.68
2025-01-16,SPY,129.36
2025-01-17,SPY,129.91
2025-01-20,SPY,130.36
2025-01-21,SPY,129.81
2025-01-22,SPY,128.69
2025-01-23,SPY,129.92
2025-01-24,SPY,128.12
2025-01-27,SPY,127.91
2025-01-28,SPY,126.28
2025-01-29,SPY,125.83
2025-01-30,SPY,125.7
2025-01-31,SPY,127.32
2025-02-03,SPY,123.78
2025-02-04,SPY,125.55
2025-02-05,SPY,124.5
2025-02-06,SPY,124.94
2025-02-07,SPY,126.02
2025-02-10,SPY,125.12
2025-02-11,SPY,125.08
2025-02-12,SPY,125.77
2025-02-13,SPY,125.69
2025-02-14,SPY,124.84
2025-02-17,SPY,125.15
2025-02-18,SPY,125.36
2025-02-19,SPY,123.57
2025-02-20,SPY,125.34
2025-02-21,SPY,125.7
2025-02-24,SPY,122.77
2025-02-25,SPY,121.84
2025-02-26,SPY,124.03
2025-02-27,SPY,126.1
2025-02-28,SPY,126.53
2025-03-03,SPY,124.5
2025-03-04,SPY,124.29
2025-03-05,SPY,125.7
2025-03-06,SPY,126.29
2025-03-07,SPY,125.96
2025-03-10,SPY,125.12
2025-03-11,SPY,126.25
2025-03-12,SPY,126.08
2025-03-13,SPY,126.58
2025-03-14,SPY,127.3
2025-03-17,SPY,129.5
2025-03-18,SPY,129.84
2025-03-19,SPY,130.27
2025-03-20,SPY,128.06
2025-03-21,SPY,129.59
2025-03-24,SPY,130.85
2025-03-25,SPY,130.93
2025-03-26,SPY,128.09
2025-03-27,SPY,127.47
2025-03-28,SPY,127.66
2025-03-31,SPY,130.47
2025-04-01,SPY,131.34
2025-04-02,SPY,132.49
2025-04-03,SPY,133.68
2025-04-04,SPY,135.58
2025-04-07,SPY,134.15
2025-04-08,SPY,133.11
2025-04-09,SPY,131.64
2025-04-10,SPY,131.37
2025-04-11,SPY,130.99
2025-04-14,SPY,131.22
2025-04-15,SPY,129.97
2025-04-16,SPY,130.18
2025-04-17,SPY,129.17
2025-04-18,SPY,132.02
2025-04-21,SPY,131.41
2025-04-22,SPY,134.9
2025-04-23,SPY,137.22
2025-04-24,SPY,135.67
2025-04-25,SPY,137.07
2025-04-28,SPY,138.0
2025-04-29,SPY,135.98
2025-04-30,SPY,136.9
2025-05-01,SPY,136.87
2025-05-02,SPY,137.44
2025-05-05,SPY,136.36
2025-05-06,SPY,136.36
2025-05-07,SPY,137.01
2025-05-08,SPY,136.85
2025-05-09,SPY,136.11
2025-05-12,SPY,135.98
2025-05-13,SPY,134.73
2025-05-14,SPY,135.28
2025-05-15,SPY,131.94
2025-05-16,SPY,134.03
2025-05-19,SPY,134.2
2025-05-20,SPY,134.92
2025-05-21,SPY,136.16
2025-05-22,SPY,134.56
2025-05-23,SPY,137.75
2025-05-26,SPY,136.3
2025-05-27,SPY,137.02
2025-05-28,SPY,137.55
2025-05-29,SPY,139.46
2025-05-30,SPY,139.53
2025-06-02,SPY,137.65
2025-06-03,SPY,138.18
2025-06-04,SPY,134.89
2025-06-05,SPY,134.7
2025-06-06,SPY,134.15
2025-06-09,SPY,136.34
2025-06-10,SPY,136.03
2025-06-11,SPY,135.49
2025-06-12,SPY,134.54
2025-06-13,SPY,133.46
2025-06-16,SPY,132.79
2025-06-17,SPY,133.66
2025-06-18,SPY,131.97
2025-06-19,SPY,131.76
2025-06-20,SPY,129.9
2025-06-23,SPY,129.74
2025-06-24,SPY,130.02
2025-06-25,SPY,128.48
2025-06-26,SPY,127.8
2025-06-27,SPY,127.98
2025-06-30,SPY,129.03
2025-07-01,SPY,130.32
2025-07-02,SPY,130.22
2025-07-03,SPY,128.97
2025-07-04,SPY,126.94
2025-07-07,SPY,127.98
2025-07-08,SPY,129.83
2025-07-09,SPY,130.35
2025-07-10,SPY,132.46
2025-07-11,SPY,131.9
2025-07-14,SPY,131.43
2025-07-15,SPY,133.56
2025-07-16,SPY,132.26
2025-07-17,SPY,133.11
2025-07-18,SPY,133.67
2025-07-21,SPY,133.92
2025-07-22,SPY,136.32
2025-07-23,SPY,135.17
2025-07-24,SPY,134.63
2025-07-25,SPY,131.88
2025-07-28,SPY,130.55
2025-07-29,SPY,129.92
2025-07-30,SPY,129.46
2025-07-31,SPY,129.24
2025-08-01,SPY,129.67
2025-08-04,SPY,128.85
2025-08-05,SPY,126.35
2025-08-06,SPY,126.59
2025-08-07,SPY,127.17
2025-08-08,SPY,125.74
2025-08-11,SPY,124.79
2025-08-12,SPY,127.06
2025-08-13,SPY,128.42
2025-08-14,SPY,129.88
2025-08-15,SPY,130.8
2025-08-18,SPY,131.03
2025-08-19,SPY,130.41
2025-08-20,SPY,131.2
2025-08-21,SPY,130.99
2025-08-22,SPY,130.45
2025-08-25,SPY,130.48
2025-08-26,SPY,130.42
2025-08-27,SPY,131.64
2025-08-28,SPY,130.42
2025-08-29,SPY,133.77
2025-09-01,SPY,132.47
2025-09-02,SPY,131.94
2025-09-03,SPY,133.25
2025-09-04,SPY,132.17
2025-09-05,SPY,131.58
2025-09-08,SPY,131.66
2025-09-09,SPY,127.83
2025-09-10,SPY,127.23
2025-09-11,SPY,126.04
2025-09-12,SPY,125.77
2025-09-15,SPY,126.45
2025-09-16,SPY,127.31
2025-09-17,SPY,129.29
2025-09-18,SPY,131.23
2025-09-19,SPY,132.65
2025-09-22,SPY,132.64
2025-09-23,SPY,134.09
2025-09-24,SPY,132.8
2025-09-25,SPY,132.72
2025-09-26,SPY,134.71
2025-09-29,SPY,135.84
2025-09-30,SPY,133.99
2025-10-01,SPY,133.24
2025-10-02,SPY,134.51
2025-10-03,SPY,135.4
2025-10-06,SPY,136.94
2025-10-07,SPY,134.57
2025-10-08,SPY,132.92
2025-10-09,SPY,132.64
2025-10-10,SPY,131.4
2025-10-13,SPY,131.42
2025-10-14,SPY,131.5
2025-10-15,SPY,132.02
2025-10-16,SPY,131.91
2025-10-17,SPY,132.72
2025-10-20,SPY,133.84
2025-10-21,SPY,134.12
2025-10-22,SPY,132.54
2025-10-23,SPY,134.35
2025-10-24,SPY,134.72
2025-10-27,SPY,135.37
2025-10-28,SPY,135.68
2025-10-29,SPY,133.57
2025-10-30,SPY,134.42
2025-10-31,SPY,133.61
2025-11-03,SPY,132.05
2025-11-04,SPY,133.85
2025-11-05,SPY,133.51
2025-11-06,SPY,133.97
2025-11-07,SPY,135.25
2025-11-10,SPY,137.55
2025-11-11,SPY,135.13
2025-11-12,SPY,134.2
2025-11-13,SPY,135.19
2025-11-14,SPY,134.35
2025-11-17,SPY,130.08
2025-11-18,SPY,130.34
2025-11-19,SPY,130.7
2025-11-20,SPY,131.82
2025-11-21,SPY,132.19
2025-11-24,SPY,131.68
2025-11-25,SPY,132.03
2025-11-26,SPY,132.05
2025-11-27,SPY,131.45
2025-11-28,SPY,131.86
2025-12-01,SPY,132.4
2025-12-02,SPY,131.13
2025-12-03,SPY,132.56
2025-12-04,SPY,133.74
2025-12-05,SPY,134.88
2025-12-08,SPY,131.27
2025-12-09,SPY,131.49
2025-12-10,SPY,131.4
2025-12-11,SPY,130.15
2025-12-12,SPY,130.98
2025-12-15,SPY,129.07
2025-12-16,SPY,130.75
2025-12-17,SPY,131.33
2025-12-18,SPY,130.73
2025-12-19,SPY,132.68
2025-12-22,SPY,133.36
2025-12-23,SPY,133.88
2025-12-24,SPY,132.2
2025-12-25,SPY,132.97
2025-12-26,SPY,134.93
2025-12-29,SPY,136.51
2025-12-30,SPY,134.81
2025-12-31,SPY,136.77
2023-01-02,QQQ,102.35
2023-01-03,QQQ,103.64
2023-01-04,QQQ,103.13
2023-01-05,QQQ,101.03
2023-01-06,QQQ,99.79
2023-01-09,QQQ,99.03
2023-01-10,QQQ,99.45
2023-01-11,QQQ,100.27
2023-01-12,QQQ,99.27
2023-01-13,QQQ,97.03
2023-01-16,QQQ,96.5
2023-01-17,QQQ,94.74
2023-01-18,QQQ,96.56
2023-01-19,QQQ,94.91
2023-01-20,QQQ,95.57
2023-01-23,QQQ,96.7
2023-01-24,QQQ,95.38
2023-01-25,QQQ,96.74
2023-01-26,QQQ,96.54
2023-01-27,QQQ,95.47
2023-01-30,QQQ,94.19
2023-01-31,QQQ,94.33
2023-02-01,QQQ,95.75
2023-02-02,QQQ,93.2
2023-02-03,QQQ,94.0
2023-02-06,QQQ,93.78
2023-02-07,QQQ,92.76
2023-02-08,QQQ,92.6
2023-02-09,QQQ,92.56
2023-02-10,QQQ,92.46
2023-02-13,QQQ,93.51
2023-02-14,QQQ,92.3
2023-02-15,QQQ,94.89
2023-02-16,QQQ,96.08
2023-02-17,QQQ,95.25
2023-02-20,QQQ,92.68
2023-02-21,QQQ,92.64
2023-02-22,QQQ,92.1
2023-02-23,QQQ,93.06
2023-02-24,QQQ,94.01
2023-02-27,QQQ,96.59
2023-02-28,QQQ,96.41
2023-03-01,QQQ,97.5
2023-03-02,QQQ,96.93
2023-03-03,QQQ,96.43
2023-03-06,QQQ,98.56
2023-03-07,QQQ,98.38
2023-03-08,QQQ,98.25
2023-03-09,QQQ,97.79
2023-03-10,QQQ,98.26
2023-03-13,QQQ,99.12
2023-03-14,QQQ,98.98
2023-03-15,QQQ,97.43
2023-03-16,QQQ,97.93
2023-03-17,QQQ,96.84
2023-03-20,QQQ,96.39
2023-03-21,QQQ,96.72
2023-03-22,QQQ,97.11
2023-03-23,QQQ,94.02
2023-03-24,QQQ,96.35
2023-03-27,QQQ,97.49
2023-03-28,QQQ,100.24
2023-03-29,QQQ,103.93
2023-03-30,QQQ,102.6
2023-03-31,QQQ,101.83
2023-04-03,QQQ,102.22
2023-04-04,QQQ,103.62
2023-04-05,QQQ,102.91
2023-04-06,QQQ,102.48
2023-04-07,QQQ,104.07
2023-04-10,QQQ,102.79
2023-04-11,QQQ,103.12
2023-04-12,QQQ,104.73
2023-04-13,QQQ,104.35
2023-04-14,QQQ,105.51
2023-04-17,QQQ,105.33
2023-04-18,QQQ,103.0
2023-04-19,QQQ,102.2
2023-04-20,QQQ,101.89
2023-04-21,QQQ,101.38
2023-04-24,QQQ,101.38
2023-04-25,QQQ,101.92
2023-04-26,QQQ,102.29
2023-04-27,QQQ,102.5
2023-04-28,QQQ,101.81
2023-05-01,QQQ,101.44
2023-05-02,QQQ,100.83
2023-05-03,QQQ,99.92
2023-05-04,QQQ,101.8
2023-05-05,QQQ,99.02
2023-05-08,QQQ,99.25
2023-05-09,QQQ,96.89
2023-05-10,QQQ,95.97
2023-05-11,QQQ,96.94
2023-05-12,QQQ,96.43
2023-05-15,QQQ,98.22
2023-05-16,QQQ,96.78
2023-05-17,QQQ,96.23
2023-05-18,QQQ,95.23
2023-05-19,QQQ,95.09
2023-05-22,QQQ,94.51
2023-05-23,QQQ,93.83
2023-05-24,QQQ,93.77
2023-05-25,QQQ,95.05
2023-05-26,QQQ,95.06
2023-05-29,QQQ,94.93
2023-05-30,QQQ,94.33
2023-05-31,QQQ,93.17
2023-06-01,QQQ,91.08
2023-06-02,QQQ,89.52
2023-06-05,QQQ,89.33
2023-06-06,QQQ,86.73
2023-06-07,QQQ,87.29
2023-06-08,QQQ,86.53
2023-06-09,QQQ,85.16
2023-06-12,QQQ,84.26
2023-06-13,QQQ,84.8
2023-06-14,QQQ,84.99
2023-06-15,QQQ,85.06
2023-06-16,QQQ,86.95
2023-06-19,QQQ,89.63
2023-06-20,QQQ,87.82
2023-06-21,QQQ,88.72
2023-06-22,QQQ,87.59
2023-06-23,QQQ,85.75
2023-06-26,QQQ,84.97
2023-06-27,QQQ,86.06
2023-06-28,QQQ,85.58
2023-06-29,QQQ,84.91
2023-06-30,QQQ,86.53
2023-07-03,QQQ,87.08
2023-07-04,QQQ,86.94
2023-07-05,QQQ,89.15
2023-07-06,QQQ,89.75
2023-07-07,QQQ,88.83
2023-07-10,QQQ,87.49
2023-07-11,QQQ,86.99
2023-07-12,QQQ,87.23
2023-07-13,QQQ,88.42
2023-07-14,QQQ,89.52
2023-07-17,QQQ,89.71
2023-07-18,QQQ,88.29
2023-07-19,QQQ,89.51
2023-07-20,QQQ,89.67
2023-07-21,QQQ,88.35
2023-07-24,QQQ,86.87
2023-07-25,QQQ,87.18
2023-07-26,QQQ,87.64
2023-07-27,QQQ,88.67
2023-07-28,QQQ,87.19
2023-07-31,QQQ,89.6
2023-08-01,QQQ,87.35
2023-08-02,QQQ,87.32
2023-08-03,QQQ,89.0
2023-08-04,QQQ,90.33
2023-08-07,QQQ,89.13
2023-08-08,QQQ,89.91
2023-08-09,QQQ,91.49
2023-08-10,QQQ,92.45
2023-08-11,QQQ,91.18
2023-08-14,QQQ,93.35
2023-08-15,QQQ,91.22
2023-08-16,QQQ,91.26
2023-08-17,QQQ,89.88
2023-08-18,QQQ,89.32
2023-08-21,QQQ,88.88
2023-08-22,QQQ,89.48
2023-08-23,QQQ,87.86
2023-08-24,QQQ,88.1
2023-08-25,QQQ,89.69
2023-08-28,QQQ,89.75
2023-08-29,QQQ,90.41
2023-08-30,QQQ,90.92
2023-08-31,QQQ,89.92
2023-09-01,QQQ,89.41
2023-09-04,QQQ,89.43
2023-09-05,QQQ,89.99
2023-09-06,QQQ,92.56
2023-09-07,QQQ,94.67
2023-09-08,QQQ,94.0
2023-09-11,QQQ,93.38
2023-09-12,QQQ,92.01
2023-09-13,QQQ,89.0
2023-09-14,QQQ,90.62
2023-09-15,QQQ,91.25
2023-09-18,QQQ,88.73
2023-09-19,QQQ,88.7
2023-09-20,QQQ,91.65
2023-09-21,QQQ,92.24
2023-09-22,QQQ,92.86
2023-09-25,QQQ,93.09
2023-09-26,QQQ,92.05
2023-09-27,QQQ,90.5
2023-09-28,QQQ,89.41
2023-09-29,QQQ,89.56
2023-10-02,QQQ,89.23
2023-10-03,QQQ,90.09
2023-10-04,QQQ,92.33
2023-10-05,QQQ,93.09
2023-10-06,QQQ,94.18
2023-10-09,QQQ,93.7
2023-10-10,QQQ,91.98
2023-10-11,QQQ,94.84
2023-10-12,QQQ,95.81
2023-10-13,QQQ,97.43
2023-10-16,QQQ,96.9
2023-10-17,QQQ,94.6
2023-10-18,QQQ,96.38
2023-10-19,QQQ,93.48
2023-10-20,QQQ,93.25
2023-10-23,QQQ,92.55
2023-10-24,QQQ,92.83
2023-10-25,QQQ,93.9
2023-10-26,QQQ,95.0
2023-10-27,QQQ,92.21
2023-10-30,QQQ,93.51
2023-10-31,QQQ,91.01
2023-11-01,QQQ,91.88
2023-11-02,QQQ,91.31
2023-11-03,QQQ,89.84
2023-11-06,QQQ,89.16
2023-11-07,QQQ,87.5
2023-11-08,QQQ,87.48
2023-11-09,QQQ,88.65
2023-11-10,QQQ,89.66
2023-11-13,QQQ,89.72
2023-11-14,QQQ,91.13
2023-11-15,QQQ,91.78
2023-11-16,QQQ,94.64
2023-11-17,QQQ,95.34
2023-11-20,QQQ,94.53
2023-11-21,QQQ,94.14
2023-11-22,QQQ,93.13
2023-11-23,QQQ,92.75
2023-11-24,QQQ,92.56
2023-11-27,QQQ,93.46
2023-11-28,QQQ,94.51
2023-11-29,QQQ,94.58
2023-11-30,QQQ,95.15
2023-12-01,QQQ,94.16
2023-12-04,QQQ,93.43
2023-12-05,QQQ,90.21
2023-12-06,QQQ,89.21
2023-12-07,QQQ,88.58
2023-12-08,QQQ,91.88
2023-12-11,QQQ,90.12
2023-12-12,QQQ,90.2
2023-12-13,QQQ,89.77
2023-12-14,QQQ,87.78
2023-12-15,QQQ,88.1
2023-12-18,QQQ,88.11
2023-12-19,QQQ,86.29
2023-12-20,QQQ,83.47
2023-12-21,QQQ,83.4
2023-12-22,QQQ,81.72
2023-12-25,QQQ,82.5
2023-12-26,QQQ,82.18
2023-12-27,QQQ,82.8
2023-12-28,QQQ,82.45
2023-12-29,QQQ,84.29
2024-01-01,QQQ,85.13
2024-01-02,QQQ,87.01
2024-01-03,QQQ,87.18
2024-01-04,QQQ,85.93
2024-01-05,QQQ,84.24
2024-01-08,QQQ,83.66
2024-01-09,QQQ,84.03
2024-01-10,QQQ,83.31
2024-01-11,QQQ,86.3
2024-01-12,QQQ,86.26
2024-01-15,QQQ,86.86
2024-01-16,QQQ,87.01
2024-01-17,QQQ,85.5
2024-01-18,QQQ,86.85
2024-01-19,QQQ,87.71
2024-01-22,QQQ,88.85
2024-01-23,QQQ,87.73
2024-01-24,QQQ,87.81
2024-01-25,QQQ,87.83
2024-01-26,QQQ,89.37
2024-01-29,QQQ,87.69
2024-01-30,QQQ,88.61
2024-01-31,QQQ,90.3
2024-02-01,QQQ,89.84
2024-02-02,QQQ,88.88
2024-02-05,QQQ,90.66
2024-02-06,QQQ,91.07
2024-02-07,QQQ,92.64
2024-02-08,QQQ,93.74
2024-02-09,QQQ,95.28
2024-02-12,QQQ,95.14
2024-02-13,QQQ,92.4
2024-02-14,QQQ,93.29
2024-02-15,QQQ,92.48
2024-02-16,QQQ,93.41
2024-02-19,QQQ,92.82
2024-02-20,QQQ,95.12
2024-02-21,QQQ,94.89
2024-02-22,QQQ,96.14
2024-02-23,QQQ,97.8
2024-02-26,QQQ,97.81
2024-02-27,QQQ,98.39
2024-02-28,QQQ,98.48
2024-02-29,QQQ,97.3
2024-03-01,QQQ,99.5
2024-03-04,QQQ,98.32
2024-03-05,QQQ,96.25
2024-03-06,QQQ,95.66
2024-03-07,QQQ,95.95
2024-03-08,QQQ,96.15
2024-03-11,QQQ,95.78
2024-03-12,QQQ,95.26
2024-03-13,QQQ,92.48
2024-03-14,QQQ,93.4
2024-03-15,QQQ,95.85
2024-03-18,QQQ,94.95
2024-03-19,QQQ,92.61
2024-03-20,QQQ,93.7
2024-03-21,QQQ,93.56
2024-03-22,QQQ,88.43
2024-03-25,QQQ,87.56
2024-03-26,QQQ,85.82
2024-03-27,QQQ,84.46
2024-03-28,QQQ,87.0
2024-03-29,QQQ,88.33
2024-04-01,QQQ,88.22
2024-04-02,QQQ,88.33
2024-04-03,QQQ,90.45
2024-04-04,QQQ,89.13
2024-04-05,QQQ,90.19
2024-04-08,QQQ,89.47
2024-04-09,QQQ,90.66
2024-04-10,QQQ,91.06
2024-04-11,QQQ,90.19
2024-04-12,QQQ,91.7
2024-04-15,QQQ,92.54
2024-04-16,QQQ,95.15
2024-04-17,QQQ,94.71
2024-04-18,QQQ,95.02
2024-04-19,QQQ,94.2
2024-04-22,QQQ,95.99
2024-04-23,QQQ,95.07
2024-04-24,QQQ,95.16
2024-04-25,QQQ,97.09
2024-04-26,QQQ,97.96
2024-04-29,QQQ,98.49
2024-04-30,QQQ,98.99
2024-05-01,QQQ,99.6
2024-05-02,QQQ,100.65
2024-05-03,QQQ,100.33
2024-05-06,QQQ,97.6
2024-05-07,QQQ,99.62
2024-05-08,QQQ,98.21
2024-05-09,QQQ,100.98
2024-05-10,QQQ,101.51
2024-05-13,QQQ,106.41
2024-05-14,QQQ,108.36
2024-05-15,QQQ,109.15
2024-05-16,QQQ,110.74
2024-05-17,QQQ,108.64
2024-05-20,QQQ,109.04
2024-05-21,QQQ,108.58
2024-05-22,QQQ,108.71
2024-05-23,QQQ,105.64
2024-05-24,QQQ,102.42
2024-05-27,QQQ,103.58
2024-05-28,QQQ,103.74
2024-05-29,QQQ,103.16
2024-05-30,QQQ,103.09
2024-05-31,QQQ,102.19
2024-06-03,QQQ,101.55
2024-06-04,QQQ,102.63
2024-06-05,QQQ,102.34
2024-06-06,QQQ,103.44
2024-06-07,QQQ,102.44
2024-06-10,QQQ,99.84
2024-06-11,QQQ,98.94
2024-06-12,QQQ,98.78
2024-06-13,QQQ,97.22
2024-06-14,QQQ,96.72
2024-06-17,QQQ,96.05
2024-06-18,QQQ,97.38
2024-06-19,QQQ,98.62
2024-06-20,QQQ,100.23
2024-06-21,QQQ,99.15
2024-06-24,QQQ,99.67
2024-06-25,QQQ,101.58
2024-06-26,QQQ,101.88
2024-06-27,QQQ,101.8
2024-06-28,QQQ,100.7
2024-07-01,QQQ,101.96
2024-07-02,QQQ,102.25
2024-07-03,QQQ,103.77
2024-07-04,QQQ,103.57
2024-07-05,QQQ,106.75
2024-07-08,QQQ,106.74
2024-07-09,QQQ,104.88
2024-07-10,QQQ,105.22
2024-07-11,QQQ,105.99
2024-07-12,QQQ,108.02
2024-07-15,QQQ,107.3
2024-07-16,QQQ,106.49
2024-07-17,QQQ,106.1
2024-07-18,QQQ,105.52
2024-07-19,QQQ,102.35
2024-07-22,QQQ,103.45
2024-07-23,QQQ,105.38
2024-07-24,QQQ,104.25
2024-07-25,QQQ,102.79
2024-07-26,QQQ,102.61
2024-07-29,QQQ,101.43
2024-07-30,QQQ,102.63
2024-07-31,QQQ,101.74
2024-08-01,QQQ,102.68
2024-08-02,QQQ,100.88
2024-08-05,QQQ,98.87
2024-08-06,QQQ,96.7
2024-08-07,QQQ,94.77
2024-08-08,QQQ,95.4
2024-08-09,QQQ,96.61
2024-08-12,QQQ,96.85
2024-08-13,QQQ,97.19
2024-08-14,QQQ,94.17
2024-08-15,QQQ,95.74
2024-08-16,QQQ,94.09
2024-08-19,QQQ,95.92
2024-08-20,QQQ,99.38
2024-08-21,QQQ,99.51
2024-08-22,QQQ,100.46
2024-08-23,QQQ,101.41
2024-08-26,QQQ,99.54
2024-08-27,QQQ,97.97
2024-08-28,QQQ,97.04
2024-08-29,QQQ,97.29
2024-08-30,QQQ,98.53
2024-09-02,QQQ,98.74
2024-09-03,QQQ,100.37
2024-09-04,QQQ,99.68
2024-09-05,QQQ,97.7
2024-09-06,QQQ,97.79
2024-09-09,QQQ,97.76
2024-09-10,QQQ,95.82
2024-09-11,QQQ,97.3
2024-09-12,QQQ,96.01
2024-09-13,QQQ,95.05
2024-09-16,QQQ,95.41
2024-09-17,QQQ,93.98
2024-09-18,QQQ,94.87
2024-09-19,QQQ,95.45
2024-09-20,QQQ,96.13
2024-09-23,QQQ,96.18
2024-09-24,QQQ,95.57
2024-09-25,QQQ,94.58
2024-09-26,QQQ,95.05
2024-09-27,QQQ,97.0
2024-09-30,QQQ,98.17
2024-10-01,QQQ,98.76
2024-10-02,QQQ,100.27
2024-10-03,QQQ,102.28
2024-10-04,QQQ,100.53
2024-10-07,QQQ,100.55
2024-10-08,QQQ,102.42
2024-10-09,QQQ,101.55
2024-10-10,QQQ,100.96
2024-10-11,QQQ,101.95
2024-10-14,QQQ,101.72
2024-10-15,QQQ,103.61
2024-10-16,QQQ,103.25
2024-10-17,QQQ,104.25
2024-10-18,QQQ,108.2
2024-10-21,QQQ,110.12
2024-10-22,QQQ,108.1
2024-10-23,QQQ,106.61
2024-10-24,QQQ,105.18
2024-10-25,QQQ,105.22
2024-10-28,QQQ,103.22
2024-10-29,QQQ,104.16
2024-10-30,QQQ,106.89
2024-10-31,QQQ,109.43
2024-11-01,QQQ,108.35
2024-11-04,QQQ,108.02
2024-11-05,QQQ,107.65
2024-11-06,QQQ,106.48
2024-11-07,QQQ,109.21
2024-11-08,QQQ,108.23
2024-11-11,QQQ,106.6
2024-11-12,QQQ,107.24
2024-11-13,QQQ,107.85
2024-11-14,QQQ,110.33
2024-11-15,QQQ,112.88
2024-11-18,QQQ,112.66
2024-11-19,QQQ,109.41
2024-11-20,QQQ,110.55
2024-11-21,QQQ,111.92
2024-11-22,QQQ,114.92
2024-11-25,QQQ,112.43
2024-11-26,QQQ,110.63
2024-11-27,QQQ,113.19
2024-11-28,QQQ,115.93
2024-11-29,QQQ,118.17
2024-12-02,QQQ,118.19
2024-12-03,QQQ,120.46
2024-12-04,QQQ,119.56
2024-12-05,QQQ,117.49
2024-12-06,QQQ,117.43
2024-12-09,QQQ,117.64
2024-12-10,QQQ,119.04
2024-12-11,QQQ,120.96
2024-12-12,QQQ,117.97
2024-12-13,QQQ,118.47
2024-12-16,QQQ,119.32
2024-12-17,QQQ,117.2
2024-12-18,QQQ,116.77
2024-12-19,QQQ,116.87
2024-12-20,QQQ,117.63
2024-12-23,QQQ,116.19
2024-12-24,QQQ,115.2
2024-12-25,QQQ,113.4
2024-12-26,QQQ,113.95
2024-12-27,QQQ,113.41
2024-12-30,QQQ,112.45
2024-12-31,QQQ,113.49
2025-01-01,QQQ,113.2
2025-01-02,QQQ,111.27
2025-01-03,QQQ,113.09
2025-01-06,QQQ,114.66
2025-01-07,QQQ,115.41
2025-01-08,QQQ,113.7
2025-01-09,QQQ,115.51
2025-01-10,QQQ,114.53
2025-01-13,QQQ,111.5
2025-01-14,QQQ,111.28
2025-01-15,QQQ,114.17
2025-01-16,QQQ,113.43
2025-01-17,QQQ,114.37
2025-01-20,QQQ,116.61
2025-01-21,QQQ,116.91
2025-01-22,QQQ,116.37
2025-01-23,QQQ,116.38
2025-01-24,QQQ,117.33
2025-01-27,QQQ,116.47
2025-01-28,QQQ,117.03
2025-01-29,QQQ,117.95
2025-01-30,QQQ,117.31
2025-01-31,QQQ,118.5
2025-02-03,QQQ,119.43
2025-02-04,QQQ,118.87
2025-02-05,QQQ,118.55
2025-02-06,QQQ,118.72
2025-02-07,QQQ,118.46
2025-02-10,QQQ,118.1
2025-02-11,QQQ,116.39
2025-02-12,QQQ,116.55
2025-02-13,QQQ,117.76
2025-02-14,QQQ,118.83
2025-02-17,QQQ,117.44
2025-02-18,QQQ,118.37
2025-02-19,QQQ,119.39
2025-02-20,QQQ,117.84
2025-02-21,QQQ,118.7
2025-02-24,QQQ,118.41
2025-02-25,QQQ,117.78
2025-02-26,QQQ,118.16
2025-02-27,QQQ,117.81
2025-02-28,QQQ,114.17
2025-03-03,QQQ,114.5
2025-03-04,QQQ,112.71
2025-03-05,QQQ,112.55
2025-03-06,QQQ,113.63
2025-03-07,QQQ,113.25
2025-03-10,QQQ,112.53
2025-03-11,QQQ,112.74
2025-03-12,QQQ,113.51
2025-03-13,QQQ,112.17
2025-03-14,QQQ,111.17
2025-03-17,QQQ,111.94
2025-03-18,QQQ,114.46
2025-03-19,QQQ,114.45
2025-03-20,QQQ,115.84
2025-03-21,QQQ,114.63
2025-03-24,QQQ,114.63
2025-03-25,QQQ,114.72
2025-03-26,QQQ,112.65
2025-03-27,QQQ,112.6
2025-03-28,QQQ,112.28
2025-03-31,QQQ,108.32
2025-04-01,QQQ,108.15
2025-04-02,QQQ,108.56
2025-04-03,QQQ,108.88
2025-04-04,QQQ,109.32
2025-04-07,QQQ,107.58
2025-04-08,QQQ,106.43
2025-04-09,QQQ,106.08
2025-04-10,QQQ,104.74
2025-04-11,QQQ,104.0
2025-04-14,QQQ,105.72
2025-04-15,QQQ,104.35
2025-04-16,QQQ,103.79
2025-04-17,QQQ,106.41
2025-04-18,QQQ,106.14
2025-04-21,QQQ,104.61
2025-04-22,QQQ,104.93
2025-04-23,QQQ,105.14
2025-04-24,QQQ,105.29
2025-04-25,QQQ,102.85
2025-04-28,QQQ,103.22
2025-04-29,QQQ,103.73
2025-04-30,QQQ,106.73
2025-05-01,QQQ,107.73
2025-05-02,QQQ,107.08
2025-05-05,QQQ,107.56
2025-05-06,QQQ,108.58
2025-05-07,QQQ,108.39
2025-05-08,QQQ,108.35
2025-05-09,QQQ,110.47
2025-05-12,QQQ,111.27
2025-05-13,QQQ,112.12
2025-05-14,QQQ,110.7
2025-05-15,QQQ,111.43
2025-05-16,QQQ,108.61
2025-05-19,QQQ,110.57
2025-05-20,QQQ,109.96
2025-05-21,QQQ,111.04
2025-05-22,QQQ,113.32
2025-05-23,QQQ,111.75
2025-05-26,QQQ,113.69
2025-05-27,QQQ,114.18
2025-05-28,QQQ,116.16
2025-05-29,QQQ,115.73
2025-05-30,QQQ,114.77
2025-06-02,QQQ,117.01
2025-06-03,QQQ,117.86
2025-06-04,QQQ,118.1
2025-06-05,QQQ,116.41
2025-06-06,QQQ,118.73
2025-06-09,QQQ,118.36
2025-06-10,QQQ,118.17
2025-06-11,QQQ,117.22
2025-06-12,QQQ,117.41
2025-06-13,QQQ,118.55
2025-06-16,QQQ,118.61
2025-06-17,QQQ,118.64
2025-06-18,QQQ,117.9
2025-06-19,QQQ,120.52
2025-06-20,QQQ,123.42
2025-06-23,QQQ,123.09
2025-06-24,QQQ,121.76
2025-06-25,QQQ,122.36
2025-06-26,QQQ,119.81
2025-06-27,QQQ,120.36
2025-06-30,QQQ,120.96
2025-07-01,QQQ,121.38
2025-07-02,QQQ,124.22
2025-07-03,QQQ,127.56
2025-07-04,QQQ,128.51
2025-07-07,QQQ,128.03
2025-07-08,QQQ,130.01
2025-07-09,QQQ,132.23
2025-07-10,QQQ,130.23
2025-07-11,QQQ,129.08
2025-07-14,QQQ,128.77
2025-07-15,QQQ,126.0
2025-07-16,QQQ,124.23
2025-07-17,QQQ,127.21
2025-07-18,QQQ,125.16
2025-07-21,QQQ,126.78
2025-07-22,QQQ,125.53
2025-07-23,QQQ,127.4
2025-07-24,QQQ,128.12
2025-07-25,QQQ,129.88
2025-07-28,QQQ,127.57
2025-07-29,QQQ,128.23
2025-07-30,QQQ,127.38
2025-07-31,QQQ,128.89
2025-08-01,QQQ,130.32
2025-08-04,QQQ,130.78
2025-08-05,QQQ,130.71
2025-08-06,QQQ,130.84
2025-08-07,QQQ,131.45
2025-08-08,QQQ,130.69
2025-08-11,QQQ,130.06
2025-08-12,QQQ,129.06
2025-08-13,QQQ,127.35
2025-08-14,QQQ,129.34
2025-08-15,QQQ,127.15
2025-08-18,QQQ,129.59
2025-08-19,QQQ,131.01
2025-08-20,QQQ,128.11
2025-08-21,QQQ,125.06
2025-08-22,QQQ,125.24
2025-08-25,QQQ,123.56
2025-08-26,QQQ,123.93
2025-08-27,QQQ,125.7
2025-08-28,QQQ,126.45
2025-08-29,QQQ,126.22
2025-09-01,QQQ,126.04
2025-09-02,QQQ,128.76
2025-09-03,QQQ,128.26
2025-09-04,QQQ,131.52
2025-09-05,QQQ,135.43
2025-09-08,QQQ,134.92
2025-09-09,QQQ,135.64
2025-09-10,QQQ,139.07
2025-09-11,QQQ,137.94
2025-09-12,QQQ,138.96
2025-09-15,QQQ,141.19
2025-09-16,QQQ,139.4
2025-09-17,QQQ,140.34
2025-09-18,QQQ,140.81
2025-09-19,QQQ,140.02
2025-09-22,QQQ,143.26
2025-09-23,QQQ,143.24
2025-09-24,QQQ,148.05
2025-09-25,QQQ,149.78
2025-09-26,QQQ,148.59
2025-09-29,QQQ,149.39
2025-09-30,QQQ,148.09
2025-10-01,QQQ,150.04
2025-10-02,QQQ,151.68
2025-10-03,QQQ,149.49
2025-10-06,QQQ,148.91
2025-10-07,QQQ,150.15
2025-10-08,QQQ,150.54
2025-10-09,QQQ,148.8
2025-10-10,QQQ,151.32
2025-10-13,QQQ,154.45
2025-10-14,QQQ,151.6
2025-10-15,QQQ,154.96
2025-10-16,QQQ,150.93
2025-10-17,QQQ,150.88
2025-10-20,QQQ,149.74
2025-10-21,QQQ,148.84
2025-10-22,QQQ,149.43
2025-10-23,QQQ,147.27
2025-10-24,QQQ,147.27
2025-10-27,QQQ,150.93
2025-10-28,QQQ,152.08
2025-10-29,QQQ,155.43
2025-10-30,QQQ,157.51
2025-10-31,QQQ,154.25
2025-11-03,QQQ,158.28
2025-11-04,QQQ,160.37
2025-11-05,QQQ,162.05
2025-11-06,QQQ,161.44
2025-11-07,QQQ,160.51
2025-11-10,QQQ,158.45
2025-11-11,QQQ,158.34
2025-11-12,QQQ,158.81
2025-11-13,QQQ,158.7
2025-11-14,QQQ,158.59
2025-11-17,QQQ,154.64
2025-11-18,QQQ,153.26
2025-11-19,QQQ,151.82
2025-11-20,QQQ,152.64
2025-11-21,QQQ,151.9
2025-11-24,QQQ,151.16
2025-11-25,QQQ,151.54
2025-11-26,QQQ,150.75
2025-11-27,QQQ,150.35
2025-11-28,QQQ,152.81
2025-12-01,QQQ,152.65
2025-12-02,QQQ,150.95
2025-12-03,QQQ,152.37
2025-12-04,QQQ,154.23
2025-12-05,QQQ,155.74
2025-12-08,QQQ,153.14
2025-12-09,QQQ,155.3
2025-12-10,QQQ,155.58
2025-12-11,QQQ,156.05
2025-12-12,QQQ,156.42
2025-12-15,QQQ,157.6
2025-12-16,QQQ,158.84
2025-12-17,QQQ,162.26
2025-12-18,QQQ,163.01
2025-12-19,QQQ,163.04
2025-12-22,QQQ,164.68
2025-12-23,QQQ,164.66
2025-12-24,QQQ,167.35
2025-12-25,QQQ,167.93
2025-12-26,QQQ,169.86
2025-12-29,QQQ,168.91
2025-12-30,QQQ,171.43
2025-12-31,QQQ,173.13
2023-01-02,TLT,99.33
2023-01-03,TLT,99.07
2023-01-04,TLT,99.2
2023-01-05,TLT,98.13
2023-01-06,TLT,97.27
2023-01-09,TLT,97.74
2023-01-10,TLT,98.23
2023-01-11,TLT,99.45
2023-01-12,TLT,98.4
2023-01-13,TLT,98.15
2023-01-16,TLT,96.48
2023-01-17,TLT,98.02
2023-01-18,TLT,96.95
2023-01-19,TLT,96.8
2023-01-20,TLT,98.49
2023-01-23,TLT,99.78
2023-01-24,TLT,99.08
2023-01-25,TLT,101.1
2023-01-26,TLT,101.54
2023-01-27,TLT,100.69
2023-01-30,TLT,100.96
2023-01-31,TLT,101.57
2023-02-01,TLT,102.17
2023-02-02,TLT,100.34
2023-02-03,TLT,102.0
2023-02-06,TLT,100.62
2023-02-07,TLT,100.47
2023-02-08,TLT,101.77
2023-02-09,TLT,102.16
2023-02-10,TLT,102.16
2023-02-13,TLT,101.66
2023-02-14,TLT,102.2
2023-02-15,TLT,103.48
2023-02-16,TLT,103.02
2023-02-17,TLT,103.43
2023-02-20,TLT,103.14
2023-02-21,TLT,102.8
2023-02-22,TLT,101.0
2023-02-23,TLT,101.26
2023-02-24,TLT,102.14
2023-02-27,TLT,102.05
2023-02-28,TLT,103.04
2023-03-01,TLT,103.25
2023-03-02,TLT,104.41
2023-03-03,TLT,104.61
2023-03-06,TLT,104.34
2023-03-07,TLT,103.95
2023-03-08,TLT,104.1
2023-03-09,TLT,104.43
2023-03-10,TLT,103.79
2023-03-13,TLT,103.73
2023-03-14,TLT,102.6
2023-03-15,TLT,101.48
2023-03-16,TLT,102.12
2023-03-17,TLT,102.51
2023-03-20,TLT,103.38
2023-03-21,TLT,103.58
2023-03-22,TLT,103.88
2023-03-23,TLT,105.63
2023-03-24,TLT,104.94
2023-03-27,TLT,105.28
2023-03-28,TLT,106.8
2023-03-29,TLT,108.78
2023-03-30,TLT,109.39
2023-03-31,TLT,109.37
2023-04-03,TLT,108.45
2023-04-04,TLT,108.38
2023-04-05,TLT,108.59
2023-04-06,TLT,108.68
2023-04-07,TLT,109.23
2023-04-10,TLT,109.83
2023-04-11,TLT,109.46
2023-04-12,TLT,108.68
2023-04-13,TLT,108.48
2023-04-14,TLT,108.95
2023-04-17,TLT,110.56
2023-04-18,TLT,109.08
2023-04-19,TLT,110.15
2023-04-20,TLT,109.94
2023-04-21,TLT,111.05
2023-04-24,TLT,112.93
2023-04-25,TLT,113.48
2023-04-26,TLT,112.42
2023-04-27,TLT,112.07
2023-04-28,TLT,112.48
2023-05-01,TLT,112.21
2023-05-02,TLT,112.19
2023-05-03,TLT,111.5
2023-05-04,TLT,111.33
2023-05-05,TLT,110.78
2023-05-08,TLT,111.65
2023-05-09,TLT,111.99
2023-05-10,TLT,112.76
2023-05-11,TLT,111.23
2023-05-12,TLT,110.84
2023-05-15,TLT,110.18
2023-05-16,TLT,109.81
2023-05-17,TLT,109.03
2023-05-18,TLT,108.4
2023-05-19,TLT,109.92
2023-05-22,TLT,109.71
2023-05-23,TLT,108.57
2023-05-24,TLT,108.34
2023-05-25,TLT,110.49
2023-05-26,TLT,111.21
2023-05-29,TLT,110.36
2023-05-30,TLT,110.17
2023-05-31,TLT,110.14
2023-06-01,TLT,110.21
2023-06-02,TLT,108.51
2023-06-05,TLT,107.66
2023-06-06,TLT,107.54
2023-06-07,TLT,106.0
2023-06-08,TLT,105.86
2023-06-09,TLT,105.96
2023-06-12,TLT,106.7
2023-06-13,TLT,107.71
2023-06-14,TLT,107.57
2023-06-15,TLT,107.82
2023-06-16,TLT,108.48
2023-06-19,TLT,109.46
2023-06-20,TLT,109.56
2023-06-21,TLT,108.89
2023-06-22,TLT,109.48
2023-06-23,TLT,110.32
2023-06-26,TLT,110.5
2023-06-27,TLT,111.08
2023-06-28,TLT,112.64
2023-06-29,TLT,112.2
2023-06-30,TLT,111.56
2023-07-03,TLT,110.56
2023-07-04,TLT,110.93
2023-07-05,TLT,111.88
2023-07-06,TLT,111.43
2023-07-07,TLT,113.22
2023-07-10,TLT,112.7
2023-07-11,TLT,113.0
2023-07-12,TLT,112.93
2023-07-13,TLT,114.33
2023-07-14,TLT,113.76
2023-07-17,TLT,115.43
2023-07-18,TLT,115.3
2023-07-19,TLT,114.03
2023-07-20,TLT,113.52
2023-07-21,TLT,113.41
2023-07-24,TLT,115.11
2023-07-25,TLT,114.69
2023-07-26,TLT,114.72
2023-07-27,TLT,116.84
2023-07-28,TLT,117.04
2023-07-31,TLT,116.45
2023-08-01,TLT,115.76
2023-08-02,TLT,114.26
2023-08-03,TLT,114.65
2023-08-04,TLT,115.89
2023-08-07,TLT,115.57
2023-08-08,TLT,114.56
2023-08-09,TLT,114.86
2023-08-10,TLT,114.89
2023-08-11,TLT,114.78
2023-08-14,TLT,115.25
2023-08-15,TLT,115.3
2023-08-16,TLT,114.96
2023-08-17,TLT,115.97
2023-08-18,TLT,114.15
2023-08-21,TLT,113.05
2023-08-22,TLT,112.79
2023-08-23,TLT,111.49
2023-08-24,TLT,112.95
2023-08-25,TLT,110.84
2023-08-28,TLT,111.51
2023-08-29,TLT,112.05
2023-08-30,TLT,112.38
2023-08-31,TLT,112.78
2023-09-01,TLT,112.22
2023-09-04,TLT,111.52
2023-09-05,TLT,112.88
2023-09-06,TLT,112.73
2023-09-07,TLT,111.3
2023-09-08,TLT,110.11
2023-09-11,TLT,108.65
2023-09-12,TLT,108.89
2023-09-13,TLT,109.95
2023-09-14,TLT,109.64
2023-09-15,TLT,109.77
2023-09-18,TLT,109.28
2023-09-19,TLT,110.11
2023-09-20,TLT,110.94
2023-09-21,TLT,111.83
2023-09-22,TLT,113.58
2023-09-25,TLT,112.39
2023-09-26,TLT,113.18
2023-09-27,TLT,111.69
2023-09-28,TLT,112.41
2023-09-29,TLT,113.23
2023-10-02,TLT,113.96
2023-10-03,TLT,114.79
2023-10-04,TLT,114.7
2023-10-05,TLT,114.12
2023-10-06,TLT,114.92
2023-10-09,TLT,114.36
2023-10-10,TLT,115.11
2023-10-11,TLT,114.33
2023-10-12,TLT,114.72
2023-10-13,TLT,115.06
2023-10-16,TLT,114.29
2023-10-17,TLT,114.04
2023-10-18,TLT,115.0
2023-10-19,TLT,115.1
2023-10-20,TLT,115.68
2023-10-23,TLT,115.2
2023-10-24,TLT,115.38
2023-10-25,TLT,114.0
2023-10-26,TLT,113.31
2023-10-27,TLT,114.6
2023-10-30,TLT,115.2
2023-10-31,TLT,115.28
2023-11-01,TLT,115.49
2023-11-02,TLT,114.23
2023-11-03,TLT,114.71
2023-11-06,TLT,113.57
2023-11-07,TLT,112.93
2023-11-08,TLT,113.66
2023-11-09,TLT,113.0
2023-11-10,TLT,112.55
2023-11-13,TLT,112.52
2023-11-14,TLT,112.66
2023-11-15,TLT,114.0
2023-11-16,TLT,112.39
2023-11-17,TLT,112.03
2023-11-20,TLT,112.63
2023-11-21,TLT,112.19
2023-11-22,TLT,111.84
2023-11-23,TLT,111.09
2023-11-24,TLT,110.82
2023-11-27,TLT,111.46
2023-11-28,TLT,112.67
2023-11-29,TLT,113.02
2023-11-30,TLT,114.38
2023-12-01,TLT,114.5
2023-12-04,TLT,112.91
2023-12-05,TLT,113.66
2023-12-06,TLT,111.74
2023-12-07,TLT,111.7
2023-12-08,TLT,111.71
2023-12-11,TLT,110.65
2023-12-12,TLT,110.47
2023-12-13,TLT,109.98
2023-12-14,TLT,110.12
2023-12-15,TLT,109.85
2023-12-18,TLT,110.44
2023-12-19,TLT,110.1
2023-12-20,TLT,110.68
2023-12-21,TLT,110.7
2023-12-22,TLT,110.94
2023-12-25,TLT,111.07
2023-12-26,TLT,110.64
2023-12-27,TLT,111.71
2023-12-28,TLT,112.28
2023-12-29,TLT,110.15
2024-01-01,TLT,109.03
2024-01-02,TLT,110.64
2024-01-03,TLT,110.39
2024-01-04,TLT,113.08
2024-01-05,TLT,113.51
2024-01-08,TLT,113.96
2024-01-09,TLT,113.53
2024-01-10,TLT,113.34
2024-01-11,TLT,113.51
2024-01-12,TLT,114.41
2024-01-15,TLT,114.52
2024-01-16,TLT,114.49
2024-01-17,TLT,113.55
2024-01-18,TLT,113.11
2024-01-19,TLT,112.7
2024-01-22,TLT,112.58
2024-01-23,TLT,111.88
2024-01-24,TLT,110.83
2024-01-25,TLT,110.53
2024-01-26,TLT,108.23
2024-01-29,TLT,106.83
2024-01-30,TLT,106.05
2024-01-31,TLT,106.36
2024-02-01,TLT,105.68
2024-02-02,TLT,104.66
2024-02-05,TLT,105.19
2024-02-06,TLT,105.0
2024-02-07,TLT,106.14
2024-02-08,TLT,105.87
2024-02-09,TLT,105.15
2024-02-12,TLT,104.73
2024-02-13,TLT,106.22
2024-02-14,TLT,107.51
2024-02-15,TLT,107.55
2024-02-16,TLT,108.4
2024-02-19,TLT,107.03
2024-02-20,TLT,108.06
2024-02-21,TLT,108.26
2024-02-22,TLT,108.07
2024-02-23,TLT,107.98
2024-02-26,TLT,108.09
2024-02-27,TLT,107.56
2024-02-28,TLT,107.09
2024-02-29,TLT,105.86
2024-03-01,TLT,107.13
2024-03-04,TLT,106.18
2024-03-05,TLT,105.89
2024-03-06,TLT,106.65
2024-03-07,TLT,107.59
2024-03-08,TLT,108.72
2024-03-11,TLT,107.99
2024-03-12,TLT,107.4
2024-03-13,TLT,107.13
2024-03-14,TLT,105.27
2024-03-15,TLT,105.84
2024-03-18,TLT,104.18
2024-03-19,TLT,103.84
2024-03-20,TLT,104.41
2024-03-21,TLT,104.92
2024-03-22,TLT,104.3
2024-03-25,TLT,104.87
2024-03-26,TLT,105.59
2024-03-27,TLT,103.85
2024-03-28,TLT,103.38
2024-03-29,TLT,103.72
2024-04-01,TLT,103.86
2024-04-02,TLT,103.43
2024-04-03,TLT,103.09
2024-04-04,TLT,104.88
2024-04-05,TLT,104.31
2024-04-08,TLT,105.01
2024-04-09,TLT,103.72
2024-04-10,TLT,103.95
2024-04-11,TLT,104.63
2024-04-12,TLT,104.04
2024-04-15,TLT,103.28
2024-04-16,TLT,104.7
2024-04-17,TLT,104.33
2024-04-18,TLT,105.05
2024-04-19,TLT,103.59
2024-04-22,TLT,104.93
2024-04-23,TLT,103.03
2024-04-24,TLT,102.08
2024-04-25,TLT,101.43
2024-04-26,TLT,101.26
2024-04-29,TLT,101.31
2024-04-30,TLT,102.58
2024-05-01,TLT,104.31
2024-05-02,TLT,105.88
2024-05-03,TLT,106.54
2024-05-06,TLT,106.65
2024-05-07,TLT,104.72
2024-05-08,TLT,104.58
2024-05-09,TLT,104.0
2024-05-10,TLT,104.48
2024-05-13,TLT,103.53
2024-05-14,TLT,102.74
2024-05-15,TLT,102.04
2024-05-16,TLT,102.54
2024-05-17,TLT,102.64
2024-05-20,TLT,101.7
2024-05-21,TLT,100.16
2024-05-22,TLT,99.63
2024-05-23,TLT,99.04
2024-05-24,TLT,98.53
2024-05-27,TLT,98.54
2024-05-28,TLT,99.1
2024-05-29,TLT,99.71
2024-05-30,TLT,99.09
2024-05-31,TLT,98.4
2024-06-03,TLT,99.63
2024-06-04,TLT,99.38
2024-06-05,TLT,99.95
2024-06-06,TLT,100.07
2024-06-07,TLT,100.36
2024-06-10,TLT,101.7
2024-06-11,TLT,101.47
2024-06-12,TLT,102.4
2024-06-13,TLT,102.84
2024-06-14,TLT,102.7
2024-06-17,TLT,102.28
2024-06-18,TLT,101.81
2024-06-19,TLT,102.8
2024-06-20,TLT,103.67
2024-06-21,TLT,102.92
2024-06-24,TLT,103.27
2024-06-25,TLT,101.68
2024-06-26,TLT,101.73
2024-06-27,TLT,103.52
2024-06-28,TLT,102.47
2024-07-01,TLT,102.74
2024-07-02,TLT,102.2
2024-07-03,TLT,102.28
2024-07-04,TLT,101.36
2024-07-05,TLT,101.53
2024-07-08,TLT,99.53
2024-07-09,TLT,99.31
2024-07-10,TLT,99.04
2024-07-11,TLT,98.96
2024-07-12,TLT,100.67
2024-07-15,TLT,99.67
2024-07-16,TLT,99.08
2024-07-17,TLT,97.92
2024-07-18,TLT,98.32
2024-07-19,TLT,98.32
2024-07-22,TLT,97.32
2024-07-23,TLT,98.08
2024-07-24,TLT,98.29
2024-07-25,TLT,99.47
2024-07-26,TLT,100.1
2024-07-29,TLT,100.14
2024-07-30,TLT,99.45
2024-07-31,TLT,97.6
2024-08-01,TLT,97.07
2024-08-02,TLT,97.98
2024-08-05,TLT,97.74
2024-08-06,TLT,97.0
2024-08-07,TLT,97.16
2024-08-08,TLT,97.74
2024-08-09,TLT,100.05
2024-08-12,TLT,99.16
2024-08-13,TLT,98.82
2024-08-14,TLT,97.81
2024-08-15,TLT,97.15
2024-08-16,TLT,97.86
2024-08-19,TLT,97.71
2024-08-20,TLT,96.44
2024-08-21,TLT,97.49
2024-08-22,TLT,98.92
2024-08-23,TLT,99.54
2024-08-26,TLT,98.63
2024-08-27,TLT,97.67
2024-08-28,TLT,98.69
2024-08-29,TLT,97.77
2024-08-30,TLT,97.23
2024-09-02,TLT,95.95
2024-09-03,TLT,97.47
2024-09-04,TLT,96.84
2024-09-05,TLT,96.63
2024-09-06,TLT,95.94
2024-09-09,TLT,95.3
2024-09-10,TLT,94.28
2024-09-11,TLT,95.1
2024-09-12,TLT,94.47
2024-09-13,TLT,95.58
2024-09-16,TLT,94.44
2024-09-17,TLT,94.75
2024-09-18,TLT,95.45
2024-09-19,TLT,94.42
2024-09-20,TLT,94.53
2024-09-23,TLT,93.97
2024-09-24,TLT,92.99
2024-09-25,TLT,92.55
2024-09-26,TLT,90.97
2024-09-27,TLT,90.64
2024-09-30,TLT,89.34
2024-10-01,TLT,89.75
2024-10-02,TLT,90.84
2024-10-03,TLT,91.84
2024-10-04,TLT,91.16
2024-10-07,TLT,90.95
2024-10-08,TLT,92.42
2024-10-09,TLT,93.34
2024-10-10,TLT,93.75
2024-10-11,TLT,91.94
2024-10-14,TLT,91.57
2024-10-15,TLT,93.25
2024-10-16,TLT,93.53
2024-10-17,TLT,93.08
2024-10-18,TLT,93.05
2024-10-21,TLT,94.92
2024-10-22,TLT,95.9
2024-10-23,TLT,94.74
2024-10-24,TLT,93.71
2024-10-25,TLT,93.65
2024-10-28,TLT,94.62
2024-10-29,TLT,93.91
2024-10-30,TLT,93.35
2024-10-31,TLT,91.19
2024-11-01,TLT,90.6
2024-11-04,TLT,90.98
2024-11-05,TLT,91.36
2024-11-06,TLT,90.09
2024-11-07,TLT,90.61
2024-11-08,TLT,89.83
2024-11-11,TLT,88.6
2024-11-12,TLT,88.87
2024-11-13,TLT,87.47
2024-11-14,TLT,86.97
2024-11-15,TLT,86.17
2024-11-18,TLT,85.91
2024-11-19,TLT,85.93
2024-11-20,TLT,85.44
2024-11-21,TLT,84.66
2024-11-22,TLT,84.12
2024-11-25,TLT,82.21
2024-11-26,TLT,81.98
2024-11-27,TLT,83.33
2024-11-28,TLT,83.46
2024-11-29,TLT,84.19
2024-12-02,TLT,84.08
2024-12-03,TLT,83.99
2024-12-04,TLT,84.22
2024-12-05,TLT,84.63
2024-12-06,TLT,85.02
2024-12-09,TLT,84.31
2024-12-10,TLT,84.24
2024-12-11,TLT,83.05
2024-12-12,TLT,83.73
2024-12-13,TLT,83.63
2024-12-16,TLT,83.34
2024-12-17,TLT,82.34
2024-12-18,TLT,82.61
2024-12-19,TLT,83.27
2024-12-20,TLT,83.57
2024-12-23,TLT,84.32
2024-12-24,TLT,83.67
2024-12-25,TLT,84.29
2024-12-26,TLT,84.23
2024-12-27,TLT,82.2
2024-12-30,TLT,82.34
2024-12-31,TLT,81.56
2025-01-01,TLT,81.4
2025-01-02,TLT,80.88
2025-01-03,TLT,80.2
2025-01-06,TLT,80.91
2025-01-07,TLT,80.47
2025-01-08,TLT,80.56
2025-01-09,TLT,81.03
2025-01-10,TLT,80.72
2025-01-13,TLT,79.81
2025-01-14,TLT,79.83
2025-01-15,TLT,79.74
2025-01-16,TLT,79.09
2025-01-17,TLT,79.16
2025-01-20,TLT,80.05
2025-01-21,TLT,80.74
2025-01-22,TLT,81.86
2025-01-23,TLT,82.88
2025-01-24,TLT,83.03
2025-01-27,TLT,83.05
2025-01-28,TLT,82.26
2025-01-29,TLT,83.15
2025-01-30,TLT,82.74
2025-01-31,TLT,83.19
2025-02-03,TLT,84.44
2025-02-04,TLT,84.55
2025-02-05,TLT,83.46
2025-02-06,TLT,82.71
2025-02-07,TLT,82.47
2025-02-10,TLT,83.47
2025-02-11,TLT,83.24
2025-02-12,TLT,83.15
2025-02-13,TLT,82.37
2025-02-14,TLT,82.64
2025-02-17,TLT,82.72
2025-02-18,TLT,83.33
2025-02-19,TLT,82.63
2025-02-20,TLT,83.09
2025-02-21,TLT,82.04
2025-02-24,TLT,81.55
2025-02-25,TLT,81.15
2025-02-26,TLT,80.99
2025-02-27,TLT,81.27
2025-02-28,TLT,79.58
2025-03-03,TLT,79.51
2025-03-04,TLT,79.21
2025-03-05,TLT,78.26
2025-03-06,TLT,78.02
2025-03-07,TLT,78.31
2025-03-10,TLT,77.98
2025-03-11,TLT,77.62
2025-03-12,TLT,78.07
2025-03-13,TLT,77.53
2025-03-14,TLT,78.25
2025-03-17,TLT,78.51
2025-03-18,TLT,78.8
2025-03-19,TLT,79.21
2025-03-20,TLT,80.09
2025-03-21,TLT,79.58
2025-03-24,TLT,80.39
2025-03-25,TLT,79.76
2025-03-26,TLT,80.03
2025-03-27,TLT,80.46
2025-03-28,TLT,80.57
2025-03-31,TLT,79.78
2025-04-01,TLT,78.93
2025-04-02,TLT,78.16
2025-04-03,TLT,78.13
2025-04-04,TLT,78.26
2025-04-07,TLT,78.66
2025-04-08,TLT,77.6
2025-04-09,TLT,77.83
2025-04-10,TLT,78.55
2025-04-11,TLT,78.68
2025-04-14,TLT,78.68
2025-04-15,TLT,79.27
2025-04-16,TLT,80.41
2025-04-17,TLT,81.5
2025-04-18,TLT,82.64
2025-04-21,TLT,81.73
2025-04-22,TLT,82.82
2025-04-23,TLT,82.62
2025-04-24,TLT,83.28
2025-04-25,TLT,82.87
2025-04-28,TLT,83.17
2025-04-29,TLT,82.79
2025-04-30,TLT,82.61
2025-05-01,TLT,84.08
2025-05-02,TLT,83.23
2025-05-05,TLT,84.0
2025-05-06,TLT,84.09
2025-05-07,TLT,83.3
2025-05-08,TLT,84.33
2025-05-09,TLT,84.4
2025-05-12,TLT,84.02
2025-05-13,TLT,84.32
2025-05-14,TLT,83.77
2025-05-15,TLT,85.07
2025-05-16,TLT,84.0
2025-05-19,TLT,83.67
2025-05-20,TLT,82.24
2025-05-21,TLT,82.47
2025-05-22,TLT,83.12
2025-05-23,TLT,83.86
2025-05-26,TLT,85.08
2025-05-27,TLT,85.13
2025-05-28,TLT,84.84
2025-05-29,TLT,85.6
2025-05-30,TLT,85.21
2025-06-02,TLT,85.53
2025-06-03,TLT,85.23
2025-06-04,TLT,84.75
2025-06-05,TLT,84.78
2025-06-06,TLT,85.7
2025-06-09,TLT,86.47
2025-06-10,TLT,86.65
2025-06-11,TLT,84.72
2025-06-12,TLT,84.81
2025-06-13,TLT,85.18
2025-06-16,TLT,85.67
2025-06-17,TLT,85.21
2025-06-18,TLT,86.07
2025-06-19,TLT,86.41
2025-06-20,TLT,85.04
2025-06-23,TLT,85.7
2025-06-24,TLT,87.05
2025-06-25,TLT,87.35
2025-06-26,TLT,86.83
2025-06-27,TLT,88.34
2025-06-30,TLT,89.23
2025-07-01,TLT,87.88
2025-07-02,TLT,88.81
2025-07-03,TLT,89.23
2025-07-04,TLT,89.55
2025-07-07,TLT,88.24
2025-07-08,TLT,87.01
2025-07-09,TLT,87.23
2025-07-10,TLT,88.82
2025-07-11,TLT,89.04
2025-07-14,TLT,89.19
2025-07-15,TLT,88.77
2025-07-16,TLT,88.53
2025-07-17,TLT,89.42
2025-07-18,TLT,88.86
2025-07-21,TLT,90.42
2025-07-22,TLT,90.86
2025-07-23,TLT,91.17
2025-07-24,TLT,91.1
2025-07-25,TLT,90.55
2025-07-28,TLT,90.37
2025-07-29,TLT,89.22
2025-07-30,TLT,89.28
2025-07-31,TLT,87.78
2025-08-01,TLT,89.52
2025-08-04,TLT,89.46
2025-08-05,TLT,88.22
2025-08-06,TLT,88.39
2025-08-07,TLT,88.45
2025-08-08,TLT,87.97
2025-08-11,TLT,88.12
2025-08-12,TLT,87.44
2025-08-13,TLT,87.28
2025-08-14,TLT,87.08
2025-08-15,TLT,87.41
2025-08-18,TLT,86.92
2025-08-19,TLT,87.09
2025-08-20,TLT,84.86
2025-08-21,TLT,85.62
2025-08-22,TLT,85.71
2025-08-25,TLT,86.08
2025-08-26,TLT,85.84
2025-08-27,TLT,86.48
2025-08-28,TLT,86.4
2025-08-29,TLT,86.52
2025-09-01,TLT,86.55
2025-09-02,TLT,86.1
2025-09-03,TLT,85.37
2025-09-04,TLT,85.75
2025-09-05,TLT,86.21
2025-09-08,TLT,86.15
2025-09-09,TLT,87.1
2025-09-10,TLT,87.19
2025-09-11,TLT,87.56
2025-09-12,TLT,88.42
2025-09-15,TLT,88.98
2025-09-16,TLT,88.83
2025-09-17,TLT,87.96
2025-09-18,TLT,87.36
2025-09-19,TLT,86.53
2025-09-22,TLT,87.15
2025-09-23,TLT,84.41
2025-09-24,TLT,85.94
2025-09-25,TLT,85.25
2025-09-26,TLT,86.08
2025-09-29,TLT,86.31
2025-09-30,TLT,86.73
2025-10-01,TLT,85.73
2025-10-02,TLT,86.53
2025-10-03,TLT,86.46
2025-10-06,TLT,86.95
2025-10-07,TLT,86.23
2025-10-08,TLT,86.21
2025-10-09,TLT,85.68
2025-10-10,TLT,85.93
2025-10-13,TLT,86.47
2025-10-14,TLT,86.3
2025-10-15,TLT,86.66
2025-10-16,TLT,87.07
2025-10-17,TLT,87.03
2025-10-20,TLT,86.83
2025-10-21,TLT,85.35
2025-10-22,TLT,86.17
2025-10-23,TLT,86.32
2025-10-24,TLT,86.14
2025-10-27,TLT,86.31
2025-10-28,TLT,85.92
2025-10-29,TLT,85.69
2025-10-30,TLT,86.09
2025-10-31,TLT,84.94
2025-11-03,TLT,84.72
2025-11-04,TLT,84.92
2025-11-05,TLT,83.76
2025-11-06,TLT,82.96
2025-11-07,TLT,83.91
2025-11-10,TLT,85.59
2025-11-11,TLT,85.85
2025-11-12,TLT,86.39
2025-11-13,TLT,85.75
2025-11-14,TLT,86.82
2025-11-17,TLT,86.82
2025-11-18,TLT,86.92
2025-11-19,TLT,87.27
2025-11-20,TLT,86.87
2025-11-21,TLT,86.36
2025-11-24,TLT,86.38
2025-11-25,TLT,85.6
2025-11-26,TLT,85.19
2025-11-27,TLT,83.28
2025-11-28,TLT,82.56
2025-12-01,TLT,82.93
2025-12-02,TLT,83.78
2025-12-03,TLT,84.26
2025-12-04,TLT,83.66
2025-12-05,TLT,83.74
2025-12-08,TLT,83.05
2025-12-09,TLT,82.29
2025-12-10,TLT,83.03
2025-12-11,TLT,82.78
2025-12-12,TLT,82.56
2025-12-15,TLT,82.71
2025-12-16,TLT,83.43
2025-12-17,TLT,83.54
2025-12-18,TLT,83.39
2025-12-19,TLT,83.67
2025-12-22,TLT,83.65
2025-12-23,TLT,83.45
2025-12-24,TLT,81.87
2025-12-25,TLT,81.28
2025-12-26,TLT,81.23
2025-12-29,TLT,80.55
2025-12-30,TLT,81.94
2025-12-31,TLT,83.7
2023-01-02,BIL,100.05
2023-01-03,BIL,100.06
2023-01-04,BIL,100.09
2023-01-05,BIL,100.11
2023-01-06,BIL,100.14
2023-01-09,BIL,100.13
2023-01-10,BIL,100.17
2023-01-11,BIL,100.22
2023-01-12,BIL,100.26
2023-01-13,BIL,100.32
2023-01-16,BIL,100.34
2023-01-17,BIL,100.37
2023-01-18,BIL,100.42
2023-01-19,BIL,100.42
2023-01-20,BIL,100.44
2023-01-23,BIL,100.45
2023-01-24,BIL,100.48
2023-01-25,BIL,100.48
2023-01-26,BIL,100.51
2023-01-27,BIL,100.52
2023-01-30,BIL,100.56
2023-01-31,BIL,100.57
2023-02-01,BIL,100.59
2023-02-02,BIL,100.62
2023-02-03,BIL,100.62
2023-02-06,BIL,100.64
2023-02-07,BIL,100.65
2023-02-08,BIL,100.66
2023-02-09,BIL,100.69
2023-02-10,BIL,100.7
2023-02-13,BIL,100.72
2023-02-14,BIL,100.73
2023-02-15,BIL,100.74
2023-02-16,BIL,100.74
2023-02-17,BIL,100.72
2023-02-20,BIL,100.73
2023-02-21,BIL,100.76
2023-02-22,BIL,100.77
2023-02-23,BIL,100.82
2023-02-24,BIL,100.82
2023-02-27,BIL,100.83
2023-02-28,BIL,100.82
2023-03-01,BIL,100.86
2023-03-02,BIL,100.85
2023-03-03,BIL,100.88
2023-03-06,BIL,100.9
2023-03-07,BIL,100.97
2023-03-08,BIL,101.02
2023-03-09,BIL,101.05
2023-03-10,BIL,101.07
2023-03-13,BIL,101.13
2023-03-14,BIL,101.14
2023-03-15,BIL,101.13
2023-03-16,BIL,101.17
2023-03-17,BIL,101.18
2023-03-20,BIL,101.19
2023-03-21,BIL,101.21
2023-03-22,BIL,101.24
2023-03-23,BIL,101.23
2023-03-24,BIL,101.27
2023-03-27,BIL,101.33
2023-03-28,BIL,101.34
2023-03-29,BIL,101.33
2023-03-30,BIL,101.35
2023-03-31,BIL,101.37
2023-04-03,BIL,101.4
2023-04-04,BIL,101.44
2023-04-05,BIL,101.45
2023-04-06,BIL,101.5
2023-04-07,BIL,101.48
2023-04-10,BIL,101.49
2023-04-11,BIL,101.51
2023-04-12,BIL,101.54
2023-04-13,BIL,101.56
2023-04-14,BIL,101.58
2023-04-17,BIL,101.58
2023-04-18,BIL,101.55
2023-04-19,BIL,101.59
2023-04-20,BIL,101.63
2023-04-21,BIL,101.65
2023-04-24,BIL,101.65
2023-04-25,BIL,101.65
2023-04-26,BIL,101.68
2023-04-27,BIL,101.71
2023-04-28,BIL,101.75
2023-05-01,BIL,101.81
2023-05-02,BIL,101.85
2023-05-03,BIL,101.87
2023-05-04,BIL,101.91
2023-05-05,BIL,101.94
2023-05-08,BIL,101.96
2023-05-09,BIL,101.98
2023-05-10,BIL,102.0
2023-05-11,BIL,102.0
2023-05-12,BIL,102.03
2023-05-15,BIL,102.03
2023-05-16,BIL,102.05
2023-05-17,BIL,102.08
2023-05-18,BIL,102.12
2023-05-19,BIL,102.1
2023-05-22,BIL,102.11
2023-05-23,BIL,102.1
2023-05-24,BIL,102.13
2023-05-25,BIL,102.13
2023-05-26,BIL,102.17
2023-05-29,BIL,102.18
2023-05-30,BIL,102.21
2023-05-31,BIL,102.21
2023-06-01,BIL,102.21
2023-06-02,BIL,102.22
2023-06-05,BIL,102.25
2023-06-06,BIL,102.23
2023-06-07,BIL,102.25
2023-06-08,BIL,102.23
2023-06-09,BIL,102.26
2023-06-12,BIL,102.24
2023-06-13,BIL,102.25
2023-06-14,BIL,102.29
2023-06-15,BIL,102.34
2023-06-16,BIL,102.33
2023-06-19,BIL,102.39
2023-06-20,BIL,102.4
2023-06-21,BIL,102.41
2023-06-22,BIL,102.44
2023-06-23,BIL,102.46
2023-06-26,BIL,102.49
2023-06-27,BIL,102.51
2023-06-28,BIL,102.54
2023-06-29,BIL,102.56
2023-06-30,BIL,102.57
2023-07-03,BIL,102.57
2023-07-04,BIL,102.57
2023-07-05,BIL,102.58
2023-07-06,BIL,102.61
2023-07-07,BIL,102.64
2023-07-10,BIL,102.65
2023-07-11,BIL,102.67
2023-07-12,BIL,102.68
2023-07-13,BIL,102.7
2023-07-14,BIL,102.72
2023-07-17,BIL,102.73
2023-07-18,BIL,102.78
2023-07-19,BIL,102.82
2023-07-20,BIL,102.83
2023-07-21,BIL,102.86
2023-07-24,BIL,102.88
2023-07-25,BIL,102.9
2023-07-26,BIL,102.93
2023-07-27,BIL,102.97
2023-07-28,BIL,102.99
2023-07-31,BIL,103.02
2023-08-01,BIL,103.05
2023-08-02,BIL,103.09
2023-08-03,BIL,103.14
2023-08-04,BIL,103.14
2023-08-07,BIL,103.17
2023-08-08,BIL,103.16
2023-08-09,BIL,103.17
2023-08-10,BIL,103.17
2023-08-11,BIL,103.16
2023-08-14,BIL,103.17
2023-08-15,BIL,103.17
2023-08-16,BIL,103.18
2023-08-17,BIL,103.15
2023-08-18,BIL,103.19
2023-08-21,BIL,103.16
2023-08-22,BIL,103.16
2023-08-23,BIL,103.21
2023-08-24,BIL,103.21
2023-08-25,BIL,103.26
2023-08-28,BIL,103.3
2023-08-29,BIL,103.32
2023-08-30,BIL,103.33
2023-08-31,BIL,103.34
2023-09-01,BIL,103.36
2023-09-04,BIL,103.4
2023-09-05,BIL,103.45
2023-09-06,BIL,103.42
2023-09-07,BIL,103.46
2023-09-08,BIL,103.49
2023-09-11,BIL,103.49
2023-09-12,BIL,103.52
2023-09-13,BIL,103.56
2023-09-14,BIL,103.6
2023-09-15,BIL,103.61
2023-09-18,BIL,103.65
2023-09-19,BIL,103.69
2023-09-20,BIL,103.7
2023-09-21,BIL,103.71
2023-09-22,BIL,103.71
2023-09-25,BIL,103.76
2023-09-26,BIL,103.78
2023-09-27,BIL,103.78
2023-09-28,BIL,103.78
2023-09-29,BIL,103.77
2023-10-02,BIL,103.79
2023-10-03,BIL,103.83
2023-10-04,BIL,103.87
2023-10-05,BIL,103.87
2023-10-06,BIL,103.87
2023-10-09,BIL,103.87
2023-10-10,BIL,103.87
2023-10-11,BIL,103.86
2023-10-12,BIL,103.91
2023-10-13,BIL,103.94
2023-10-16,BIL,103.94
2023-10-17,BIL,103.91
2023-10-18,BIL,103.96
2023-10-19,BIL,103.99
2023-10-20,BIL,104.01
2023-10-23,BIL,104.04
2023-10-24,BIL,104.05
2023-10-25,BIL,104.08
2023-10-26,BIL,104.09
2023-10-27,BIL,104.11
2023-10-30,BIL,104.13
2023-10-31,BIL,104.12
2023-11-01,BIL,104.11
2023-11-02,BIL,104.15
2023-11-03,BIL,104.19
2023-11-06,BIL,104.21
2023-11-07,BIL,104.21
2023-11-08,BIL,104.22
2023-11-09,BIL,104.24
2023-11-10,BIL,104.23
2023-11-13,BIL,104.27
2023-11-14,BIL,104.27
2023-11-15,BIL,104.27
2023-11-16,BIL,104.28
2023-11-17,BIL,104.34
2023-11-20,BIL,104.34
2023-11-21,BIL,104.35
2023-11-22,BIL,104.35
2023-11-23,BIL,104.37
2023-11-24,BIL,104.39
2023-11-27,BIL,104.41
2023-11-28,BIL,104.42
2023-11-29,BIL,104.45
2023-11-30,BIL,104.48
2023-12-01,BIL,104.49
2023-12-04,BIL,104.5
2023-12-05,BIL,104.51
2023-12-06,BIL,104.51
2023-12-07,BIL,104.55
2023-12-08,BIL,104.55
2023-12-11,BIL,104.57
2023-12-12,BIL,104.61
2023-12-13,BIL,104.62
2023-12-14,BIL,104.65
2023-12-15,BIL,104.68
2023-12-18,BIL,104.67
2023-12-19,BIL,104.7
2023-12-20,BIL,104.7
2023-12-21,BIL,104.72
2023-12-22,BIL,104.71
2023-12-25,BIL,104.69
2023-12-26,BIL,104.7
2023-12-27,BIL,104.75
2023-12-28,BIL,104.82
2023-12-29,BIL,104.9
2024-01-01,BIL,104.94
2024-01-02,BIL,104.98
2024-01-03,BIL,105.02
2024-01-04,BIL,105.05
2024-01-05,BIL,105.06
2024-01-08,BIL,105.07
2024-01-09,BIL,105.1
2024-01-10,BIL,105.12
2024-01-11,BIL,105.13
2024-01-12,BIL,105.12
2024-01-15,BIL,105.12
2024-01-16,BIL,105.21
2024-01-17,BIL,105.22
2024-01-18,BIL,105.26
2024-01-19,BIL,105.31
2024-01-22,BIL,105.35
2024-01-23,BIL,105.35
2024-01-24,BIL,105.41
2024-01-25,BIL,105.44
2024-01-26,BIL,105.45
2024-01-29,BIL,105.45
2024-01-30,BIL,105.46
2024-01-31,BIL,105.53
2024-02-01,BIL,105.52
2024-02-02,BIL,105.52
2024-02-05,BIL,105.54
2024-02-06,BIL,105.57
2024-02-07,BIL,105.57
2024-02-08,BIL,105.56
2024-02-09,BIL,105.57
2024-02-12,BIL,105.6
2024-02-13,BIL,105.62
2024-02-14,BIL,105.63
2024-02-15,BIL,105.65
2024-02-16,BIL,105.67
2024-02-19,BIL,105.71
2024-02-20,BIL,105.71
2024-02-21,BIL,105.73
2024-02-22,BIL,105.74
2024-02-23,BIL,105.77
2024-02-26,BIL,105.8
2024-02-27,BIL,105.82
2024-02-28,BIL,105.86
2024-02-29,BIL,105.87
2024-03-01,BIL,105.92
2024-03-04,BIL,105.93
2024-03-05,BIL,105.94
2024-03-06,BIL,105.93
2024-03-07,BIL,105.93
2024-03-08,BIL,105.94
2024-03-11,BIL,105.91
2024-03-12,BIL,105.93
2024-03-13,BIL,105.96
2024-03-14,BIL,105.99
2024-03-15,BIL,106.02
2024-03-18,BIL,106.05
2024-03-19,BIL,106.05
2024-03-20,BIL,106.06
2024-03-21,BIL,106.1
2024-03-22,BIL,106.11
2024-03-25,BIL,106.15
2024-03-26,BIL,106.16
2024-03-27,BIL,106.19
2024-03-28,BIL,106.24
2024-03-29,BIL,106.25
2024-04-01,BIL,106.31
2024-04-02,BIL,106.36
2024-04-03,BIL,106.33
2024-04-04,BIL,106.4
2024-04-05,BIL,106.39
2024-04-08,BIL,106.46
2024-04-09,BIL,106.46
2024-04-10,BIL,106.43
2024-04-11,BIL,106.42
2024-04-12,BIL,106.45
2024-04-15,BIL,106.44
2024-04-16,BIL,106.45
2024-04-17,BIL,106.49
2024-04-18,BIL,106.49
2024-04-19,BIL,106.52
2024-04-22,BIL,106.56
2024-04-23,BIL,106.54
2024-04-24,BIL,106.54
2024-04-25,BIL,106.56
2024-04-26,BIL,106.58
2024-04-29,BIL,106.6
2024-04-30,BIL,106.58
2024-05-01,BIL,106.58
2024-05-02,BIL,106.61
2024-05-03,BIL,106.64
2024-05-06,BIL,106.68
2024-05-07,BIL,106.69
2024-05-08,BIL,106.7
2024-05-09,BIL,106.69
2024-05-10,BIL,106.69
2024-05-13,BIL,106.67
2024-05-14,BIL,106.72
2024-05-15,BIL,106.73
2024-05-16,BIL,106.73
2024-05-17,BIL,106.74
2024-05-20,BIL,106.77
2024-05-21,BIL,106.79
2024-05-22,BIL,106.79
2024-05-23,BIL,106.83
2024-05-24,BIL,106.85
2024-05-27,BIL,106.87
2024-05-28,BIL,106.88
2024-05-29,BIL,106.93
2024-05-30,BIL,106.96
2024-05-31,BIL,106.98
2024-06-03,BIL,107.02
2024-06-04,BIL,106.99
2024-06-05,BIL,107.02
2024-06-06,BIL,107.02
2024-06-07,BIL,107.02
2024-06-10,BIL,107.04
2024-06-11,BIL,107.1
2024-06-12,BIL,107.11
2024-06-13,BIL,107.12
2024-06-14,BIL,107.16
2024-06-17,BIL,107.13
2024-06-18,BIL,107.14
2024-06-19,BIL,107.18
2024-06-20,BIL,107.17
2024-06-21,BIL,107.2
2024-06-24,BIL,107.2
2024-06-25,BIL,107.19
2024-06-26,BIL,107.23
2024-06-27,BIL,107.25
2024-06-28,BIL,107.28
2024-07-01,BIL,107.3
2024-07-02,BIL,107.3
2024-07-03,BIL,107.34
2024-07-04,BIL,107.36
2024-07-05,BIL,107.39
2024-07-08,BIL,107.4
2024-07-09,BIL,107.4
2024-07-10,BIL,107.45
2024-07-11,BIL,107.48
2024-07-12,BIL,107.51
2024-07-15,BIL,107.51
2024-07-16,BIL,107.56
2024-07-17,BIL,107.56
2024-07-18,BIL,107.56
2024-07-19,BIL,107.63
2024-07-22,BIL,107.66
2024-07-23,BIL,107.7
2024-07-24,BIL,107.74
2024-07-25,BIL,107.8
2024-07-26,BIL,107.83
2024-07-29,BIL,107.86
2024-07-30,BIL,107.86
2024-07-31,BIL,107.88
2024-08-01,BIL,107.87
2024-08-02,BIL,107.88
2024-08-05,BIL,107.9
2024-08-06,BIL,107.93
2024-08-07,BIL,107.98
2024-08-08,BIL,107.99
2024-08-09,BIL,107.99
2024-08-12,BIL,108.01
2024-08-13,BIL,108.01
2024-08-14,BIL,108.07
2024-08-15,BIL,108.11
2024-08-16,BIL,108.11
2024-08-19,BIL,108.14
2024-08-20,BIL,108.18
2024-08-21,BIL,108.18
2024-08-22,BIL,108.19
2024-08-23,BIL,108.21
2024-08-26,BIL,108.26
2024-08-27,BIL,108.29
2024-08-28,BIL,108.3
2024-08-29,BIL,108.33
2024-08-30,BIL,108.35
2024-09-02,BIL,108.37
2024-09-03,BIL,108.4
2024-09-04,BIL,108.43
2024-09-05,BIL,108.46
2024-09-06,BIL,108.48
2024-09-09,BIL,108.49
2024-09-10,BIL,108.51
2024-09-11,BIL,108.49
2024-09-12,BIL,108.5
2024-09-13,BIL,108.56
2024-09-16,BIL,108.58
2024-09-17,BIL,108.61
2024-09-18,BIL,108.64
2024-09-19,BIL,108.65
2024-09-20,BIL,108.66
2024-09-23,BIL,108.69
2024-09-24,BIL,108.69
2024-09-25,BIL,108.73
2024-09-26,BIL,108.76
2024-09-27,BIL,108.79
2024-09-30,BIL,108.81
2024-10-01,BIL,108.84
2024-10-02,BIL,108.86
2024-10-03,BIL,108.83
2024-10-04,BIL,108.86
2024-10-07,BIL,108.86
2024-10-08,BIL,108.86
2024-10-09,BIL,108.87
2024-10-10,BIL,108.88
2024-10-11,BIL,108.87
2024-10-14,BIL,108.84
2024-10-15,BIL,108.86
2024-10-16,BIL,108.88
2024-10-17,BIL,108.91
2024-10-18,BIL,108.9
2024-10-21,BIL,108.91
2024-10-22,BIL,108.95
2024-10-23,BIL,108.96
2024-10-24,BIL,108.97
2024-10-25,BIL,109.03
2024-10-28,BIL,109.01
2024-10-29,BIL,109.02
2024-10-30,BIL,109.01
2024-10-31,BIL,109.02
2024-11-01,BIL,109.11
2024-11-04,BIL,109.11
2024-11-05,BIL,109.12
2024-11-06,BIL,109.13
2024-11-07,BIL,109.13
2024-11-08,BIL,109.17
2024-11-11,BIL,109.18
2024-11-12,BIL,109.22
2024-11-13,BIL,109.27
2024-11-14,BIL,109.28
2024-11-15,BIL,109.33
2024-11-18,BIL,109.33
2024-11-19,BIL,109.36
2024-11-20,BIL,109.4
2024-11-21,BIL,109.4
2024-11-22,BIL,109.42
2024-11-25,BIL,109.45
2024-11-26,BIL,109.48
2024-11-27,BIL,109.51
2024-11-28,BIL,109.58
2024-11-29,BIL,109.59
2024-12-02,BIL,109.64
2024-12-03,BIL,109.71
2024-12-04,BIL,109.72
2024-12-05,BIL,109.73
2024-12-06,BIL,109.73
2024-12-09,BIL,109.76
2024-12-10,BIL,109.82
2024-12-11,BIL,109.8
2024-12-12,BIL,109.8
2024-12-13,BIL,109.81
2024-12-16,BIL,109.88
2024-12-17,BIL,109.89
2024-12-18,BIL,109.92
2024-12-19,BIL,109.92
2024-12-20,BIL,109.96
2024-12-23,BIL,109.96
2024-12-24,BIL,109.98
2024-12-25,BIL,109.98
2024-12-26,BIL,110.0
2024-12-27,BIL,110.01
2024-12-30,BIL,110.04
2024-12-31,BIL,110.07
2025-01-01,BIL,110.13
2025-01-02,BIL,110.13
2025-01-03,BIL,110.18
2025-01-06,BIL,110.21
2025-01-07,BIL,110.23
2025-01-08,BIL,110.26
2025-01-09,BIL,110.29
2025-01-10,BIL,110.33
2025-01-13,BIL,110.37
2025-01-14,BIL,110.4
2025-01-15,BIL,110.43
2025-01-16,BIL,110.42
2025-01-17,BIL,110.46
2025-01-20,BIL,110.51
2025-01-21,BIL,110.54
2025-01-22,BIL,110.56
2025-01-23,BIL,110.57
2025-01-24,BIL,110.6
2025-01-27,BIL,110.64
2025-01-28,BIL,110.63
2025-01-29,BIL,110.64
2025-01-30,BIL,110.65
2025-01-31,BIL,110.7
2025-02-03,BIL,110.71
2025-02-04,BIL,110.7
2025-02-05,BIL,110.72
2025-02-06,BIL,110.77
2025-02-07,BIL,110.79
2025-02-10,BIL,110.8
2025-02-11,BIL,110.83
2025-02-12,BIL,110.89
2025-02-13,BIL,110.9
2025-02-14,BIL,110.92
2025-02-17,BIL,110.95
2025-02-18,BIL,110.95
2025-02-19,BIL,110.94
2025-02-20,BIL,110.96
2025-02-21,BIL,110.97
2025-02-24,BIL,111.0
2025-02-25,BIL,111.03
2025-02-26,BIL,111.06
2025-02-27,BIL,111.06
2025-02-28,BIL,111.09
2025-03-03,BIL,111.09
2025-03-04,BIL,111.12
2025-03-05,BIL,111.13
2025-03-06,BIL,111.19
2025-03-07,BIL,111.19
2025-03-10,BIL,111.16
2025-03-11,BIL,111.18
2025-03-12,BIL,111.2
2025-03-13,BIL,111.2
2025-03-14,BIL,111.22
2025-03-17,BIL,111.28
2025-03-18,BIL,111.3
2025-03-19,BIL,111.3
2025-03-20,BIL,111.35
2025-03-21,BIL,111.4
2025-03-24,BIL,111.42
2025-03-25,BIL,111.43
2025-03-26,BIL,111.47
2025-03-27,BIL,111.47
2025-03-28,BIL,111.48
2025-03-31,BIL,111.48
2025-04-01,BIL,111.51
2025-04-02,BIL,111.56
2025-04-03,BIL,111.59
2025-04-04,BIL,111.65
2025-04-07,BIL,111.62
2025-04-08,BIL,111.64
2025-04-09,BIL,111.62
2025-04-10,BIL,111.66
2025-04-11,BIL,111.71
2025-04-14,BIL,111.69
2025-04-15,BIL,111.7
2025-04-16,BIL,111.72
2025-04-17,BIL,111.7
2025-04-18,BIL,111.7
2025-04-21,BIL,111.7
2025-04-22,BIL,111.72
2025-04-23,BIL,111.72
2025-04-24,BIL,111.71
2025-04-25,BIL,111.71
2025-04-28,BIL,111.73
2025-04-29,BIL,111.75
2025-04-30,BIL,111.76
2025-05-01,BIL,111.81
2025-05-02,BIL,111.82
2025-05-05,BIL,111.84
2025-05-06,BIL,111.87
2025-05-07,BIL,111.88
2025-05-08,BIL,111.92
2025-05-09,BIL,111.96
2025-05-12,BIL,111.99
2025-05-13,BIL,111.99
2025-05-14,BIL,112.01
2025-05-15,BIL,112.04
2025-05-16,BIL,112.08
2025-05-19,BIL,112.08
2025-05-20,BIL,112.09
2025-05-21,BIL,112.08
2025-05-22,BIL,112.06
2025-05-23,BIL,112.11
2025-05-26,BIL,112.12
2025-05-27,BIL,112.15
2025-05-28,BIL,112.2
2025-05-29,BIL,112.22
2025-05-30,BIL,112.24
2025-06-02,BIL,112.23
2025-06-03,BIL,112.24
2025-06-04,BIL,112.27
2025-06-05,BIL,112.32
2025-06-06,BIL,112.36
2025-06-09,BIL,112.36
2025-06-10,BIL,112.37
2025-06-11,BIL,112.4
2025-06-12,BIL,112.43
2025-06-13,BIL,112.46
2025-06-16,BIL,112.49
2025-06-17,BIL,112.54
2025-06-18,BIL,112.56
2025-06-19,BIL,112.62
2025-06-20,BIL,112.65
2025-06-23,BIL,112.67
2025-06-24,BIL,112.66
2025-06-25,BIL,112.69
2025-06-26,BIL,112.73
2025-06-27,BIL,112.76
2025-06-30,BIL,112.76
2025-07-01,BIL,112.74
2025-07-02,BIL,112.75
2025-07-03,BIL,112.81
2025-07-04,BIL,112.81
2025-07-07,BIL,112.82
2025-07-08,BIL,112.84
2025-07-09,BIL,112.88
2025-07-10,BIL,112.88
2025-07-11,BIL,112.9
2025-07-14,BIL,112.93
2025-07-15,BIL,112.93
2025-07-16,BIL,112.95
2025-07-17,BIL,112.95
2025-07-18,BIL,112.98
2025-07-21,BIL,113.01
2025-07-22,BIL,113.03
2025-07-23,BIL,113.03
2025-07-24,BIL,113.06
2025-07-25,BIL,113.1
2025-07-28,BIL,113.12
2025-07-29,BIL,113.16
2025-07-30,BIL,113.17
2025-07-31,BIL,113.18
2025-08-01,BIL,113.19
2025-08-04,BIL,113.22
2025-08-05,BIL,113.26
2025-08-06,BIL,113.27
2025-08-07,BIL,113.3
2025-08-08,BIL,113.32
2025-08-11,BIL,113.33
2025-08-12,BIL,113.31
2025-08-13,BIL,113.29
2025-08-14,BIL,113.33
2025-08-15,BIL,113.32
2025-08-18,BIL,113.3
2025-08-19,BIL,113.29
2025-08-20,BIL,113.3
2025-08-21,BIL,113.35
2025-08-22,BIL,113.38
2025-08-25,BIL,113.39
2025-08-26,BIL,113.4
2025-08-27,BIL,113.43
2025-08-28,BIL,113.45
2025-08-29,BIL,113.43
2025-09-01,BIL,113.48
2025-09-02,BIL,113.52
2025-09-03,BIL,113.51
2025-09-04,BIL,113.53
2025-09-05,BIL,113.56
2025-09-08,BIL,113.59
2025-09-09,BIL,113.6
2025-09-10,BIL,113.62
2025-09-11,BIL,113.68
2025-09-12,BIL,113.69
2025-09-15,BIL,113.74
2025-09-16,BIL,113.76
2025-09-17,BIL,113.76
2025-09-18,BIL,113.79
2025-09-19,BIL,113.82
2025-09-22,BIL,113.87
2025-09-23,BIL,113.93
2025-09-24,BIL,113.97
2025-09-25,BIL,114.0
2025-09-26,BIL,114.03
2025-09-29,BIL,114.07
2025-09-30,BIL,114.08
2025-10-01,BIL,114.08
2025-10-02,BIL,114.11
2025-10-03,BIL,114.11
2025-10-06,BIL,114.13
2025-10-07,BIL,114.19
2025-10-08,BIL,114.23
2025-10-09,BIL,114.28
2025-10-10,BIL,114.3
2025-10-13,BIL,114.35
2025-10-14,BIL,114.35
2025-10-15,BIL,114.35
2025-10-16,BIL,114.37
2025-10-17,BIL,114.38
2025-10-20,BIL,114.43
2025-10-21,BIL,114.44
2025-10-22,BIL,114.44
2025-10-23,BIL,114.48
2025-10-24,BIL,114.52
2025-10-27,BIL,114.56
2025-10-28,BIL,114.56
2025-10-29,BIL,114.56
2025-10-30,BIL,114.53
2025-10-31,BIL,114.56
2025-11-03,BIL,114.58
2025-11-04,BIL,114.59
2025-11-05,BIL,114.64
2025-11-06,BIL,114.64
2025-11-07,BIL,114.65
2025-11-10,BIL,114.65
2025-11-11,BIL,114.65
2025-11-12,BIL,114.67
2025-11-13,BIL,114.68
2025-11-14,BIL,114.69
2025-11-17,BIL,114.69
2025-11-18,BIL,114.68
2025-11-19,BIL,114.68
2025-11-20,BIL,114.7
2025-11-21,BIL,114.7
2025-11-24,BIL,114.71
2025-11-25,BIL,114.72
2025-11-26,BIL,114.72
2025-11-27,BIL,114.71
2025-11-28,BIL,114.72
2025-12-01,BIL,114.77
2025-12-02,BIL,114.8
2025-12-03,BIL,114.82
2025-12-04,BIL,114.82
2025-12-05,BIL,114.83
2025-12-08,BIL,114.87
2025-12-09,BIL,114.87
2025-12-10,BIL,114.93
2025-12-11,BIL,114.95
2025-12-12,BIL,114.98
2025-12-15,BIL,114.99
2025-12-16,BIL,115.03
2025-12-17,BIL,115.07
2025-12-18,BIL,115.08
2025-12-19,BIL,115.14
2025-12-22,BIL,115.17
2025-12-23,BIL,115.15
2025-12-24,BIL,115.19
2025-12-25,BIL,115.22
2025-12-26,BIL,115.24
2025-12-29,BIL,115.28
2025-12-30,BIL,115.33
2025-12-31,BIL,115.33
